ch_status;CmAcmCaseIdentifier;ch_entity_id;PQ_Dept;ch_case_id;ch_type;ch_name;StepName;ch_end_time;Response;ch_case_type;ch_user_name;PQ_Postalcode;ch_start_time;ch_reference_id;name;startTime;endTime;ISName;QueueName
COMPLETED;PQ_GenericQuestion_000000370001;{A05E5779-0100-C090-81DA-DD0EFBE02863}_-2_1_AF88E2DDF45F464F9D3E18750687555B;HR;{A05E5779-0000-C11B-958F-483CF0977305};Step;Selection Coordinator;Selection Coordinator;2021-05-10-19.41.50;;{E0BAC726-36D9-4BAB-A0AF-35478A5E9F93};dadmin;;2021-05-10-19.41.31;{A05E5779-0100-C090-81DA-DD0EFBE02863};Selection Coordinator;10/05/2021 07:41:31;10/05/2021 07:41:50;Workflow;PQ_Manager
COMPLETED;PQ_GenericQuestion_000000140001;{B071CB6E-0100-C196-82BE-1FDFB49AD4A9}_-2_2_F3E385374ECB724EB3918E11861AC322;HR;{B071CB6E-0000-C219-9B1A-C7FE586D93B7};Step;Revision & Dispatching;Revision & Dispatching;2019-12-03-05.15.33;Dispatch;{E0BAC726-36D9-4BAB-A0AF-35478A5E9F93};dadmin;1130;2019-12-03-05.10.09;{B071CB6E-0100-C196-82BE-1FDFB49AD4A9};Revision & Dispatching;03/12/2019 12:10:09;03/12/2019 12:15:33;Workflow;Inbox
COMPLETED;PQ_GenericQuestion_000000250001;{60E8DF74-0100-CE5D-B67C-21171E5A0981}_-2_1_E7521B3EC903C74AAF130470934A1EF7;HR;{60E8DF74-0000-CA1B-9DC6-FD880895EF08};Step;Selection Coordinator;Selection Coordinator;2020-09-30-18.46.48;;{E0BAC726-36D9-4BAB-A0AF-35478A5E9F93};dadmin;;2020-09-30-18.46.26;{60E8DF74-0100-CE5D-B67C-21171E5A0981};Selection Coordinator;30/09/2020 06:46:26;30/09/2020 06:46:48;Workflow;PQ_Manager
COMPLETED;PQ_GenericQuestion_000000330019;{50C54478-0100-C4FB-B0AE-F2CF0876FB57}_-2_1_9178C85A2DB58F4287E193C2ABF2CAF8;HR;{50C54478-0000-C191-82EA-EE27807CC1B9};Step;Selection Coordinator;Selection Coordinator;2021-03-18-10.58.31;;{E0BAC726-36D9-4BAB-A0AF-35478A5E9F93};dadmin;;2021-03-18-10.58.07;{50C54478-0100-C4FB-B0AE-F2CF0876FB57};Selection Coordinator;18/03/2021 10:58:07;18/03/2021 10:58:31;Workflow;PQ_Manager
COMPLETED;PQ_GenericQuestion_000000230001;{D077DC74-0100-C66F-92ED-D95EEE61E643}_-2_1_342BFC71A025804186DBD9F1AC41B1FF;HR;{D077DC74-0000-C01D-BE3D-A06C6D9779E7};Step;Selection Coordinator;Selection Coordinator;2020-09-30-02.44.55;;{E0BAC726-36D9-4BAB-A0AF-35478A5E9F93};dadmin;ff;2020-09-30-02.44.35;{D077DC74-0100-C66F-92ED-D95EEE61E643};Selection Coordinator;30/09/2020 02:44:35;30/09/2020 02:44:55;Workflow;PQ_Manager
COMPLETED;PQ_GenericQuestion_000000360001;{6030B178-0200-C250-9F26-FF3B9A302357}_-2_2_D98A5CE558BB9D4FBAA8126E740BD4B8;HR;{6030B178-0000-CD9C-88B1-D59C59AAC350};Step;Revision & Dispatching;Revision & Dispatching;2021-04-08-13.59.16;Dispatch;{E0BAC726-36D9-4BAB-A0AF-35478A5E9F93};dadmin;;2021-04-08-13.55.50;{6030B178-0200-C250-9F26-FF3B9A302357};Revision & Dispatching;08/04/2021 01:55:50;08/04/2021 01:59:16;Workflow;Inbox
COMPLETED;PQ_GenericQuestion_000000370003;{B0645779-0100-C9F5-9397-F55CC9DF1A48}_-2_2_9E16D7CDC5B6324CB150C2C1C474369A;HR;{B0645779-0000-CA9C-86E5-23A527214EEC};Step;Revision & Dispatching;Revision & Dispatching;2021-07-14-07.23.21;Dispatch;{E0BAC726-36D9-4BAB-A0AF-35478A5E9F93};dadmin;;2021-07-06-11.15.55;{B0645779-0100-C9F5-9397-F55CC9DF1A48};Revision & Dispatching;06/07/2021 11:15:55;14/07/2021 07:23:21;Workflow;Inbox
COMPLETED;PQ_GenericQuestion_000000110007;{5047496E-0100-C535-AEBA-92CEB9C8889A}_-2_1_5E8F5E454E60694A97BE7056004731D6;HR;{5047496E-0000-C610-93A6-1F2CFCA04636};Step;Selection Coordinator;Selection Coordinator;2019-11-07-22.31.22;;{E0BAC726-36D9-4BAB-A0AF-35478A5E9F93};dadmin;fge;2019-11-07-22.30.42;{5047496E-0100-C535-AEBA-92CEB9C8889A};Selection Coordinator;08/11/2019 05:30:42;08/11/2019 05:31:22;Workflow;PQ_Manager
COMPLETED;PQ_GenericQuestion_000000360008;{507DB178-0100-CFFD-B0F7-FA1CD8BC4A4B}_-2_2_7B28B18C4F8FBB42B816C26380EE74D4;HR;{507DB178-0000-C09B-8483-4940D944D3B0};Step;Revision & Dispatching;Revision & Dispatching;2021-07-14-07.21.20;Dispatch;{E0BAC726-36D9-4BAB-A0AF-35478A5E9F93};dadmin;;2021-07-06-11.15.28;{507DB178-0100-CFFD-B0F7-FA1CD8BC4A4B};Revision & Dispatching;06/07/2021 11:15:28;14/07/2021 07:21:20;Workflow;Inbox
COMPLETED;PQ_GenericQuestion_000000200001;{D0B59872-0100-C998-903A-6405B43A117C}_-2_2_8ABE45D51A04E141928E111739A30B05;HR;{D0B59872-0000-CC1D-A883-9D104C17FD87};Step;Revision & Dispatching;Revision & Dispatching;2020-06-09-12.54.25;Dispatch;{E0BAC726-36D9-4BAB-A0AF-35478A5E9F93};dadmin;1730;2020-06-09-12.53.36;{D0B59872-0100-C998-903A-6405B43A117C};Revision & Dispatching;09/06/2020 12:53:36;09/06/2020 12:54:25;Workflow;Inbox
COMPLETED;PQ_GenericQuestion_000000110008;{4069496E-0100-CB35-B44B-E6E125C46DD6}_-2_1_8A98DA711A5326418CAB9A51419D2446;HR;{4069496E-0000-CB1F-A3D7-7C7AB0D85C9A};Step;Selection Coordinator;Selection Coordinator;2019-11-07-23.08.30;;{E0BAC726-36D9-4BAB-A0AF-35478A5E9F93};dadmin;gr;2019-11-07-23.07.46;{4069496E-0100-CB35-B44B-E6E125C46DD6};Selection Coordinator;08/11/2019 06:07:46;08/11/2019 06:08:30;Workflow;PQ_Manager
COMPLETED;PQ_GenericQuestion_000000220001;{B098DA74-0100-CB60-8919-DD800BBDF307}_-2_2_92C2DCEF107DA646B4A3A41580741D47;HR;{B098DA74-0000-C01B-BE1A-E4E995E97D11};Step;Revision & Dispatching;Revision & Dispatching;2020-09-29-18.03.07;Dispatch;{E0BAC726-36D9-4BAB-A0AF-35478A5E9F93};dadmin;12345;2020-09-29-18.02.38;{B098DA74-0100-CB60-8919-DD800BBDF307};Revision & Dispatching;29/09/2020 06:02:38;29/09/2020 06:03:07;Workflow;Inbox
COMPLETED;PQ_GenericQuestion_000000330023;{60414678-0100-C6F8-BA89-C57616DB4B3A}_-2_2_C880E5571F69FE4BBF67B56345097379;HR;{60414678-0000-C19D-B4EE-3FD4ECFD7D8E};Step;Revision & Dispatching;Revision & Dispatching;2021-04-08-13.04.37;Dispatch;{E0BAC726-36D9-4BAB-A0AF-35478A5E9F93};dadmin;;2021-04-08-13.04.28;{60414678-0100-C6F8-BA89-C57616DB4B3A};Revision & Dispatching;08/04/2021 01:04:28;08/04/2021 01:04:37;Workflow;Inbox
COMPLETED;PQ_GenericQuestion_000000380002;{5001A47A-0100-C3FA-931F-67C6C6F3C70F}_-2_2_074AD4307A7D604BB05B507269CD7CCD;HR;{5001A47A-0000-C991-8657-5146DB1B5150};Step;Revision & Dispatching;Revision & Dispatching;2021-08-02-14.10.26;Dispatch;{E0BAC726-36D9-4BAB-A0AF-35478A5E9F93};dadmin;;2021-07-14-09.54.07;{5001A47A-0100-C3FA-931F-67C6C6F3C70F};Revision & Dispatching;14/07/2021 09:54:07;02/08/2021 02:10:26;Workflow;Inbox
COMPLETED;PQ_GenericQuestion_000000130001;{A012A86E-0100-CE68-B1AA-E350126E1F37}_-2_2_457CAFDD4F27154FB578E3741874162B;HR;{A012A86E-0000-CA1F-B215-5365AD865F11};Step;Revision & Dispatching;Revision & Dispatching;2019-11-26-09.09.17;Dispatch;{E0BAC726-36D9-4BAB-A0AF-35478A5E9F93};dadmin;;2019-11-26-08.17.36;{A012A86E-0100-CE68-B1AA-E350126E1F37};Revision & Dispatching;26/11/2019 03:17:36;26/11/2019 04:09:17;Workflow;Inbox
FAILED;PQ_GenericQuestion_000000330007;{302C4378-0100-C0FB-9ADD-BEEC200E9B13}_-2_2_59B18396A73372458B890DC6F67BFAAC;HR;{302C4378-0000-C997-9807-D954CDFC50EF};Step;Revision & Dispatching;Revision & Dispatching;2021-03-18-03.31.28;;{E0BAC726-36D9-4BAB-A0AF-35478A5E9F93};dadmin;;2021-03-18-03.31.28;{302C4378-0100-C0FB-9ADD-BEEC200E9B13};Revision & Dispatching;18/03/2021 03:31:28;18/03/2021 03:31:28;Workflow;Inbox
INITIATED;PQ_GenericQuestion_000000280001;{607D6E75-0100-C07A-BA26-8C3739B59795}_-4_1_59D8237F66DF8D4DB82A746061B842C7;HR;{607D6E75-0000-C81F-A132-F98D0811C633};Step;Review;Review;9999-12-31-23.59.59;;{E0BAC726-36D9-4BAB-A0AF-35478A5E9F93};dadmin;;2020-10-28-16.53.06;{607D6E75-0100-C07A-BA26-8C3739B59795};Review;28/10/2020 04:53:06;31/12/9999 11:59:59;Malfunction;Conductor
COMPLETED;PQ_GenericQuestion_000000330016;{308A4478-0100-CEF8-9237-D28FE1C70D49}_-2_1_07E3989CD8A71A4092566CB592E0DE28;HR;{308A4478-0000-CB98-AD00-EF698AA3D457};Step;Selection Coordinator;Selection Coordinator;2021-03-18-09.54.59;;{E0BAC726-36D9-4BAB-A0AF-35478A5E9F93};dadmin;;2021-03-18-09.53.34;{308A4478-0100-CEF8-9237-D28FE1C70D49};Selection Coordinator;18/03/2021 09:53:34;18/03/2021 09:54:59;Workflow;PQ_Manager
COMPLETED;PQ_GenericQuestion_000000200002;{D0449972-0000-C61E-AC1C-10E3B27D271F}_-2_1_2B94F8B37BAEE847A24B5C26C0D38762;HR;{50449972-0000-C216-B4A9-89048E4B4C95};Step;Selection Coordinator;Selection Coordinator;2020-06-09-15.29.32;;{E0BAC726-36D9-4BAB-A0AF-35478A5E9F93};dadmin;;2020-06-09-15.28.45;{D0449972-0000-C61E-AC1C-10E3B27D271F};Selection Coordinator;09/06/2020 03:28:45;09/06/2020 03:29:32;Workflow;PQ_Manager
COMPLETED;PQ_GenericQuestion_000000330021;{50E04478-0100-CDFF-9FA5-B764ED9BFBC1}_-2_1_0317BB021FD95F49B1A6EB044221B5E3;HR;{50E04478-0000-C297-A920-CCE28AC2520B};Step;Selection Coordinator;Selection Coordinator;2021-03-18-11.30.43;;{E0BAC726-36D9-4BAB-A0AF-35478A5E9F93};dadmin;;2021-03-18-11.27.37;{50E04478-0100-CDFF-9FA5-B764ED9BFBC1};Selection Coordinator;18/03/2021 11:27:37;18/03/2021 11:30:43;Workflow;PQ_Manager
COMPLETED;PQ_GenericQuestion_000000420002;{60D9BF7B-0100-CFF4-BA07-14BCBC88207D}_-2_2_348E309D4D306747AA4D5B10430E4439;HR;{60D9BF7B-0000-C995-8FF2-50FA9A24221B};Step;Revision & Dispatching;Revision & Dispatching;2021-09-07-12.45.10;Dispatch;{E0BAC726-36D9-4BAB-A0AF-35478A5E9F93};dadmin;;2021-09-07-12.42.17;{60D9BF7B-0100-CFF4-BA07-14BCBC88207D};Revision & Dispatching;07/09/2021 12:42:17;07/09/2021 12:45:10;Workflow;Inbox
COMPLETED;PQ_GenericQuestion_000000420001;{20ADBF7B-0200-C92D-9197-15CA41BD0162}_-2_1_4A53D34C427C7548B3470AF345D7541E;HR;{20ADBF7B-0000-C497-90B8-977B229D1A6F};Step;Selection Coordinator;Selection Coordinator;2021-09-07-11.54.36;;{E0BAC726-36D9-4BAB-A0AF-35478A5E9F93};dadmin;;2021-09-07-11.53.22;{20ADBF7B-0200-C92D-9197-15CA41BD0162};Selection Coordinator;07/09/2021 11:53:22;07/09/2021 11:54:36;Workflow;PQ_Manager
COMPLETED;PQ_GenericQuestion_000000300001;{00E8AD75-0100-C695-BEE3-123B68810658}_-2_1_9B08302879B7A845AF1D1F29959755D5;HR;{00E8AD75-0000-CB1F-9D6F-845E02A491BF};Step;Selection Coordinator;Selection Coordinator;2020-11-09-17.50.08;;{E0BAC726-36D9-4BAB-A0AF-35478A5E9F93};dadmin;;2020-11-09-17.47.47;{00E8AD75-0100-C695-BEE3-123B68810658};Selection Coordinator;09/11/2020 05:47:47;09/11/2020 05:50:08;Workflow;PQ_Manager
COMPLETED;PQ_GenericQuestion_000000430001;{B0B4C07B-0200-CE0B-9A0C-6E1B3A3E9D62}_-2_2_E7A9DB19738C3743B998550F2FE53551;HR;{B0B4C07B-0000-C29D-A5FB-0F89157E5952};Step;Revision & Dispatching;Revision & Dispatching;2021-10-02-13.52.38;Dispatch;{E0BAC726-36D9-4BAB-A0AF-35478A5E9F93};dadmin;;2021-10-02-13.52.22;{B0B4C07B-0200-CE0B-9A0C-6E1B3A3E9D62};Revision & Dispatching;02/10/2021 01:52:22;02/10/2021 01:52:38;Workflow;Inbox
COMPLETED;PQ_GenericQuestion_000000330010;{C0404378-0100-C7FF-B9E3-5750601E8278}_-2_1_9AB2612E6F426C498D83FBD1AC357D70;HR;{C0404378-0000-CD93-B0A1-03EF952B9BE2};Step;Selection Coordinator;Selection Coordinator;2021-03-18-03.54.41;;{E0BAC726-36D9-4BAB-A0AF-35478A5E9F93};dadmin;;2021-03-18-03.53.42;{C0404378-0100-C7FF-B9E3-5750601E8278};Selection Coordinator;18/03/2021 03:53:42;18/03/2021 03:54:41;Workflow;PQ_Manager
COMPLETED;PQ_GenericQuestion_000000110005;{8001496E-0100-C236-8157-D8A650B0F369}_-2_1_15AB14E4BE92FB42A59850DD44843405;HR;{8001496E-0000-C41B-9CB1-5F2E041974BA};Step;Selection Coordinator;Selection Coordinator;2019-11-07-21.15.09;;{E0BAC726-36D9-4BAB-A0AF-35478A5E9F93};dadmin;;2019-11-07-21.14.28;{8001496E-0100-C236-8157-D8A650B0F369};Selection Coordinator;08/11/2019 04:14:28;08/11/2019 04:15:09;Workflow;PQ_Manager
COMPLETED;PQ_GenericQuestion_000000350001;{B0066978-0200-C254-B1EF-3A8EE752CBF8}_-2_1_774E1756924DF84E9EE6D89953BEA859;HR;{B0066978-0000-C6B5-845A-1C84B049153C};Step;Selection Coordinator;Selection Coordinator;2021-03-25-11.56.45;;{E0BAC726-36D9-4BAB-A0AF-35478A5E9F93};dadmin;;2021-03-25-11.55.53;{B0066978-0200-C254-B1EF-3A8EE752CBF8};Selection Coordinator;25/03/2021 11:55:53;25/03/2021 11:56:45;Workflow;PQ_Manager
COMPLETED;PQ_GenericQuestion_000000140002;{00ACCB6E-0100-C938-8B95-B9F34EFAC1FA}_-2_2_89196439CA0D7D40B353B152508CDA44;HR;{00ACCB6E-0000-C614-AEBC-5F436AF1C3FE};Step;Revision & Dispatching;Revision & Dispatching;2019-12-04-09.25.12;Dispatch;{E0BAC726-36D9-4BAB-A0AF-35478A5E9F93};dadmin;12345;2019-12-04-09.24.07;{00ACCB6E-0100-C938-8B95-B9F34EFAC1FA};Revision & Dispatching;04/12/2019 04:24:07;04/12/2019 04:25:12;Workflow;Inbox
COMPLETED;PQ_GenericQuestion_000000330002;{B0BE4278-0100-C3FF-8152-AAE9293EFC42}_-2_2_FE2246AA86284349BBB3E8D9ACEAEA3A;HR;{B0BE4278-0000-C29C-B122-54294AABF912};Step;Revision & Dispatching;Revision & Dispatching;2021-03-18-01.35.49;Dispatch;{E0BAC726-36D9-4BAB-A0AF-35478A5E9F93};dadmin;;2021-03-18-01.32.38;{B0BE4278-0100-C3FF-8152-AAE9293EFC42};Revision & Dispatching;18/03/2021 01:32:38;18/03/2021 01:35:49;Workflow;Inbox
COMPLETED;PQ_GenericQuestion_000000360005;{A031B178-0100-CFFB-9E7F-CFB8E9F1152D}_-2_1_4332992C88173343B7876CA08FEDFE3F;HR;{A031B178-0000-C09C-9791-D20BDD7F1BDF};Step;Selection Coordinator;Selection Coordinator;2021-04-08-13.59.08;;{E0BAC726-36D9-4BAB-A0AF-35478A5E9F93};dadmin;;2021-04-08-13.15.27;{A031B178-0100-CFFB-9E7F-CFB8E9F1152D};Selection Coordinator;08/04/2021 01:15:27;08/04/2021 01:59:08;Workflow;PQ_Manager
COMPLETED;PQ_GenericQuestion_000000110009;{A0F6496E-0100-C36E-84E5-A3A85024D96A}_-2_1_9CB5633746EBF346AC39F1CF9754F7B8;HR;{A0F6496E-0000-C61A-924D-E4FF1CFDBEB7};Step;Selection Coordinator;Selection Coordinator;2019-11-08-01.47.01;;{E0BAC726-36D9-4BAB-A0AF-35478A5E9F93};dadmin;kjh;2019-11-08-01.42.14;{A0F6496E-0100-C36E-84E5-A3A85024D96A};Selection Coordinator;08/11/2019 08:42:14;08/11/2019 08:47:01;Workflow;PQ_Manager
COMPLETED;PQ_GenericQuestion_000000330013;{70614378-0100-C8F1-B853-6C6FDABA3627}_-2_2_C12570B97E13E04E9A31A9CE3D1EA097;HR;{70614378-0000-CF99-ACD1-EEA5651244FC};Step;Revision & Dispatching;Revision & Dispatching;2021-03-18-04.30.02;Dispatch;{E0BAC726-36D9-4BAB-A0AF-35478A5E9F93};dadmin;;2021-03-18-04.29.48;{70614378-0100-C8F1-B853-6C6FDABA3627};Revision & Dispatching;18/03/2021 04:29:48;18/03/2021 04:30:02;Workflow;Inbox
COMPLETED;PQ_GenericQuestion_000000330014;{00704378-0000-CBCF-A3C8-3D3AF825B787}_-2_1_C77CFE148D3FF14B98FC74943A0CE1E4;HR;{F06F4378-0000-CF94-AD55-658D6D6C7A7B};Step;Selection Coordinator;Selection Coordinator;2021-03-18-04.45.38;;{E0BAC726-36D9-4BAB-A0AF-35478A5E9F93};dadmin;;2021-03-18-04.45.17;{00704378-0000-CBCF-A3C8-3D3AF825B787};Selection Coordinator;18/03/2021 04:45:17;18/03/2021 04:45:38;Workflow;PQ_Manager
COMPLETED;PQ_GenericQuestion_000000270001;{F0775275-0100-C63A-B821-2CD0CD6A42FE}_-2_1_FBBB0308C5C1D643B17BFAA69A8CF116;HR;{E0775275-0000-CA1E-B95C-C37FBB7D3821};Step;Selection Coordinator;Selection Coordinator;2020-10-23-00.40.22;;{E0BAC726-36D9-4BAB-A0AF-35478A5E9F93};dadmin;;2020-10-23-00.39.55;{F0775275-0100-C63A-B821-2CD0CD6A42FE};Selection Coordinator;23/10/2020 12:39:55;23/10/2020 12:40:22;Workflow;PQ_Manager
COMPLETED;PQ_GenericQuestion_000000330011;{C04B4378-0100-CBFD-A956-DDA39D4B1D57}_-2_2_9ABCE697AD7FF449B2C6F98BDDC3A417;HR;{C04B4378-0000-C19E-9D56-FEFD1BBB64E5};Step;Revision & Dispatching;Revision & Dispatching;2021-03-18-04.06.22;Dispatch;{E0BAC726-36D9-4BAB-A0AF-35478A5E9F93};dadmin;;2021-03-18-04.06.01;{C04B4378-0100-CBFD-A956-DDA39D4B1D57};Revision & Dispatching;18/03/2021 04:06:01;18/03/2021 04:06:22;Workflow;Inbox
COMPLETED;PQ_GenericQuestion_000000330018;{90964478-0100-C1C9-BD3E-6AE598FBB70A}_-2_1_F24FA853960D694BB94CC266603EE726;HR;{90964478-0000-C69C-B03E-EECDE18572C7};Step;Selection Coordinator;Selection Coordinator;2021-03-18-10.08.32;;{E0BAC726-36D9-4BAB-A0AF-35478A5E9F93};dadmin;;2021-03-18-10.07.04;{90964478-0100-C1C9-BD3E-6AE598FBB70A};Selection Coordinator;18/03/2021 10:07:04;18/03/2021 10:08:32;Workflow;PQ_Manager
COMPLETED;PQ_GenericQuestion_000000370004;{E0645779-0100-CEF9-9959-BA5745ED8F94}_-2_2_DAB78C7724B1EA439B01A7D351DA4206;HR;{E0645779-0000-C292-B410-FBD2D32F10F2};Step;Revision & Dispatching;Revision & Dispatching;2021-08-02-14.43.47;Dispatch;{E0BAC726-36D9-4BAB-A0AF-35478A5E9F93};dadmin;;2021-08-02-14.26.02;{E0645779-0100-CEF9-9959-BA5745ED8F94};Revision & Dispatching;02/08/2021 02:26:02;02/08/2021 02:43:47;Workflow;Inbox
COMPLETED;PQ_GenericQuestion_000000120002;{FCAD3B8E-874A-4D0F-9177-3887FF9B0A59}_-2_1_29F0A626D86C6E4696C0589DE70DFCD9;HR;{C07B4A6E-0000-C81A-9006-31DD64BC8D18};Step;Feedback review;Feedback review;2020-02-20-22.05.12;;{E0BAC726-36D9-4BAB-A0AF-35478A5E9F93};admin;1039;2019-11-08-11.31.21;{FCAD3B8E-874A-4D0F-9177-3887FF9B0A59};Feedback review;08/11/2019 11:31:21;20/02/2020 10:05:12;Workflow;Inbox
COMPLETED;PQ_GenericQuestion_000000200004;{90629972-0100-CC4C-94F3-E9CAAF887772}_-2_2_EF8200A14F5EF842B04E0FF1BE52A859;HR;{90629972-0000-C912-86A3-FCCBFDEB9594};Step;Revision & Dispatching;Revision & Dispatching;2020-06-09-16.01.55;Dispatch;{E0BAC726-36D9-4BAB-A0AF-35478A5E9F93};dadmin;t;2020-06-09-16.01.46;{90629972-0100-CC4C-94F3-E9CAAF887772};Revision & Dispatching;09/06/2020 04:01:46;09/06/2020 04:01:55;Workflow;Inbox
COMPLETED;PQ_GenericQuestion_000000270003;{70995275-0100-CB36-ADB5-C116BDFB6F43}_-2_2_A33F0F6DEF0FB249B10DE04B03C083BF;HR;{70995275-0000-CD16-A1C7-A28C1F587DDE};Step;Revision & Dispatching;Revision & Dispatching;2020-10-23-01.16.58;Dispatch;{E0BAC726-36D9-4BAB-A0AF-35478A5E9F93};dadmin;;2020-10-23-01.16.49;{70995275-0100-CB36-ADB5-C116BDFB6F43};Revision & Dispatching;23/10/2020 01:16:49;23/10/2020 01:16:58;Workflow;Inbox
COMPLETED;PQ_GenericQuestion_000000320002;{70DC3B78-0100-C93A-9764-833D7F0D1C8F}_-2_2_F2F9CE6B2DD2FF44A57E92A959616E73;HR;{60DC3B78-0000-C814-8564-E98898C76C70};Step;Revision & Dispatching;Revision & Dispatching;2021-03-16-17.27.35;Dispatch;{E0BAC726-36D9-4BAB-A0AF-35478A5E9F93};dadmin;;2021-03-16-17.27.22;{70DC3B78-0100-C93A-9764-833D7F0D1C8F};Revision & Dispatching;16/03/2021 05:27:22;16/03/2021 05:27:35;Workflow;Inbox
COMPLETED;PQ_GenericQuestion_000000330008;{302E4378-0100-CBF6-868C-435BBFA3AC60}_-2_2_DB5312B4737E0042A5BAA2B918AA8948;HR;{302E4378-0000-C893-88A7-00ACDBA78417};Step;Revision & Dispatching;Revision & Dispatching;2021-03-18-03.33.53;Dispatch;{E0BAC726-36D9-4BAB-A0AF-35478A5E9F93};dadmin;;2021-03-18-03.33.42;{302E4378-0100-CBF6-868C-435BBFA3AC60};Revision & Dispatching;18/03/2021 03:33:42;18/03/2021 03:33:53;Workflow;Inbox
COMPLETED;PQ_GenericQuestion_000000360006;{C07CB178-0100-C5FF-8F2A-41F6AA43C2E0}_-2_1_79F60197895A184F99A4E3A69DA799B5;HR;{C07CB178-0000-C694-9218-7C3556493B3F};Step;Selection Coordinator;Selection Coordinator;2021-07-06-11.15.17;;{E0BAC726-36D9-4BAB-A0AF-35478A5E9F93};dadmin;;2021-04-08-14.37.30;{C07CB178-0100-C5FF-8F2A-41F6AA43C2E0};Selection Coordinator;08/04/2021 02:37:30;06/07/2021 11:15:17;Workflow;PQ_Manager
COMPLETED;PQ_GenericQuestion_000000110003;{F081486E-0100-CD31-98C6-D3192D3E361B}_-2_1_7FD8EAD2C2D0FD429B5CA4A15C298929;HR;{F081486E-0000-C114-9D64-68D33875415A};Step;Selection Coordinator;Selection Coordinator;2019-11-07-19.30.52;;{E0BAC726-36D9-4BAB-A0AF-35478A5E9F93};dadmin;;2019-11-07-18.55.09;{F081486E-0100-CD31-98C6-D3192D3E361B};Selection Coordinator;08/11/2019 01:55:09;08/11/2019 02:30:52;Workflow;PQ_Manager
COMPLETED;PQ_GenericQuestion_000000330015;{A0754478-0100-C2FB-A211-F9B0EA9F6513}_-2_2_61E77055639D514AA868DB53E91001FE;HR;{A0754478-0000-C79D-AE4D-DF1124ACBDE6};Step;Revision & Dispatching;Revision & Dispatching;2021-03-18-09.34.09;Dispatch;{E0BAC726-36D9-4BAB-A0AF-35478A5E9F93};dadmin;;2021-03-18-09.33.09;{A0754478-0100-C2FB-A211-F9B0EA9F6513};Revision & Dispatching;18/03/2021 09:33:09;18/03/2021 09:34:09;Workflow;Inbox
COMPLETED;PQ_GenericQuestion_000000370005;{00655779-0200-C33B-B14D-6F499DAD2203}_-2_2_B1F1B495E11B4C47837E10F91C2D7EC9;HR;{00655779-0000-CED1-9D82-2348B87A042F};Step;Revision & Dispatching;Revision & Dispatching;2021-07-14-09.41.24;Dispatch;{E0BAC726-36D9-4BAB-A0AF-35478A5E9F93};dadmin;;2021-07-06-11.15.03;{00655779-0200-C33B-B14D-6F499DAD2203};Revision & Dispatching;06/07/2021 11:15:03;14/07/2021 09:41:24;Workflow;Inbox
INITIATED;;{542D314D-A7D6-4200-B0DE-8501086A3FC7}_-2_1_988F5604872838488BB9F4E323AD99A9;;{A012A86E-0000-CA1F-B215-5365AD865F11};Step;Feedback review;Feedback review;9999-12-31-23.59.59;;{E0BAC726-36D9-4BAB-A0AF-35478A5E9F93};dadmin;;2019-11-26-08.19.34;{542D314D-A7D6-4200-B0DE-8501086A3FC7};Feedback review;26/11/2019 03:19:34;01/01/10000 06:59:59;Workflow;Inbox
COMPLETED;PQ_GenericQuestion_000000150001;{4084D16E-0100-C26A-88E5-D5069EB51217}_-2_2_D0645E3E1FE6194C91E483D4ADB97004;HR;{4084D16E-0000-C719-A0AB-414FFE4EBC45};Step;Revision & Dispatching;Revision & Dispatching;2019-12-04-09.26.19;Dispatch;{E0BAC726-36D9-4BAB-A0AF-35478A5E9F93};dadmin;;2019-12-04-09.26.01;{4084D16E-0100-C26A-88E5-D5069EB51217};Revision & Dispatching;04/12/2019 04:26:01;04/12/2019 04:26:19;Workflow;Inbox
COMPLETED;PQ_GenericQuestion_000000320007;{40754078-0100-C03D-BD99-90CB5AB60F1C}_-2_2_A613D1BA29989E409F784C13680D4C8C;HR;{40754078-0000-C314-A9C2-AB52A6A91E04};Step;Revision & Dispatching;Revision & Dispatching;2021-03-18-01.22.43;Dispatch;{E0BAC726-36D9-4BAB-A0AF-35478A5E9F93};dadmin;;2021-03-17-14.52.45;{40754078-0100-C03D-BD99-90CB5AB60F1C};Revision & Dispatching;17/03/2021 02:52:45;18/03/2021 01:22:43;Workflow;Inbox
COMPLETED;PQ_GenericQuestion_000000380003;{7035A47A-0100-CAC0-BCEC-F08D996C852B}_-2_1_A771B570DC254D4A801FC84AB6D9383B;HR;{7035A47A-0000-C499-93C0-24AAFC0C72E1};Step;Selection Coordinator;Selection Coordinator;2021-07-14-10.52.33;;{E0BAC726-36D9-4BAB-A0AF-35478A5E9F93};dadmin;;2021-07-14-10.50.06;{7035A47A-0100-CAC0-BCEC-F08D996C852B};Selection Coordinator;14/07/2021 10:50:06;14/07/2021 10:52:33;Workflow;PQ_Manager
COMPLETED;PQ_GenericQuestion_000000360004;{6031B178-0100-C9FA-A645-B987AB18FD35}_-2_1_B5502F80D3E22942AFF78480303F83D2;HR;{6031B178-0000-C19F-8970-AE1198C373E5};Step;Selection Coordinator;Selection Coordinator;2021-04-08-13.58.55;;{E0BAC726-36D9-4BAB-A0AF-35478A5E9F93};dadmin;;2021-04-08-13.15.11;{6031B178-0100-C9FA-A645-B987AB18FD35};Selection Coordinator;08/04/2021 01:15:11;08/04/2021 01:58:55;Workflow;PQ_Manager
COMPLETED;PQ_GenericQuestion_000000330017;{40934478-0100-CAFA-ABDE-16F195C770FD}_-2_1_A73DA644B41A8743836C5F0D70101FEA;HR;{40934478-0000-C59A-B553-46D080E627DE};Step;Selection Coordinator;Selection Coordinator;2021-03-18-10.03.45;;{E0BAC726-36D9-4BAB-A0AF-35478A5E9F93};dadmin;;2021-03-18-10.03.28;{40934478-0100-CAFA-ABDE-16F195C770FD};Selection Coordinator;18/03/2021 10:03:28;18/03/2021 10:03:45;Workflow;PQ_Manager
COMPLETED;;{C07B4A6E-0100-C63B-8805-38A55EDA435A}_-2_1_4F421C8CC4D1104B995A88A843E69B53;;{C07B4A6E-0000-C81A-9006-31DD64BC8D18};Step;Selection Coordinator;Selection Coordinator;2019-11-08-04.14.55;;{E0BAC726-36D9-4BAB-A0AF-35478A5E9F93};dadmin;;2019-11-08-04.07.36;{C07B4A6E-0100-C63B-8805-38A55EDA435A};Selection Coordinator;08/11/2019 11:07:36;08/11/2019 11:14:55;Workflow;PQ_Manager
COMPLETED;PQ_GenericQuestion_000000400001;{A042AC7B-0200-C85A-BC45-ACB180529397}_-2_1_F4A3937448D35F46ACFF5CECCF72F7EB;HR;{A042AC7B-0000-C39E-A823-D1A5ED9A7DD6};Step;Selection Coordinator;Selection Coordinator;2021-09-06-15.30.38;;{E0BAC726-36D9-4BAB-A0AF-35478A5E9F93};dadmin;;2021-09-03-17.24.15;{A042AC7B-0200-C85A-BC45-ACB180529397};Selection Coordinator;03/09/2021 05:24:15;06/09/2021 03:30:38;Workflow;PQ_Manager
COMPLETED;PQ_GenericQuestion_000000160001;{E0D12E70-0000-CD1B-B45C-F3C068DEA018}_-2_1_6906C4312F99574E9999ABB94E51123B;HR;{60D12E70-0000-C313-B0B0-B4CC5788D6BB};Step;Selection Coordinator;Selection Coordinator;2020-02-10-12.18.49;;{E0BAC726-36D9-4BAB-A0AF-35478A5E9F93};dadmin;170;2020-02-10-12.17.52;{E0D12E70-0000-CD1B-B45C-F3C068DEA018};Selection Coordinator;10/02/2020 12:17:52;10/02/2020 12:18:49;Workflow;PQ_Manager
COMPLETED;PQ_GenericQuestion_000000330001;{00994278-0200-C23D-802A-D520F3F5C1A4}_-2_2_DF87BDE0DD7E0F48AA2DEA6AA1D8DB2E;HR;{00994278-0000-CB97-972A-AA7925AB60BE};Step;Revision & Dispatching;Revision & Dispatching;2021-03-18-01.18.19;Dispatch;{E0BAC726-36D9-4BAB-A0AF-35478A5E9F93};dadmin;;2021-03-18-01.17.54;{00994278-0200-C23D-802A-D520F3F5C1A4};Revision & Dispatching;18/03/2021 01:17:54;18/03/2021 01:18:19;Workflow;Inbox
COMPLETED;PQ_GenericQuestion_000000340001;{60E75E78-0200-CD38-ACDE-B826F9F52C3B}_-2_1_51466F90974DDC4E8FF26F066322C2D9;HR;{60E75E78-0000-C995-A621-2A273DDBF843};Step;Selection Coordinator;Selection Coordinator;2021-03-23-12.46.49;;{E0BAC726-36D9-4BAB-A0AF-35478A5E9F93};dadmin;;2021-03-23-12.45.30;{60E75E78-0200-CD38-ACDE-B826F9F52C3B};Selection Coordinator;23/03/2021 12:45:30;23/03/2021 12:46:49;Workflow;PQ_Manager
COMPLETED;PQ_GenericQuestion_000000400003;{1043AC7B-0100-C4F3-9C40-83F5381E7A54}_-2_1_62D112D9AFB5144E9A6277F3EE873BAD;HR;{1043AC7B-0000-C492-A006-4D62F388B242};Step;Selection Coordinator;Selection Coordinator;2021-09-06-15.31.16;;{E0BAC726-36D9-4BAB-A0AF-35478A5E9F93};dadmin;;2021-09-03-17.24.45;{1043AC7B-0100-C4F3-9C40-83F5381E7A54};Selection Coordinator;03/09/2021 05:24:45;06/09/2021 03:31:16;Workflow;PQ_Manager
COMPLETED;PQ_GenericQuestion_000000390001;{4FEE862F-793D-447B-8DE3-BAC0D3E5A8D6}_-2_1_5708F5139613B3499D04A977ED4FFBB6;HR;{F07B0B7B-0000-C296-AA5C-DEF5E401AFAB};Step;Feedback review;Feedback review;2021-09-07-12.08.20;;{E0BAC726-36D9-4BAB-A0AF-35478A5E9F93};dadmin;;2021-09-07-12.06.59;{4FEE862F-793D-447B-8DE3-BAC0D3E5A8D6};Feedback review;07/09/2021 12:06:59;07/09/2021 12:08:20;Workflow;Inbox
COMPLETED;PQ_GenericQuestion_000000330009;{603D4378-0100-C2F1-A499-4484D35A42D5}_-2_1_028433B4AD50114B98A7AF6354AB99EB;HR;{603D4378-0000-C297-A0FA-AC9A51EC8CD3};Step;Selection Coordinator;Selection Coordinator;2021-03-18-03.51.16;;{E0BAC726-36D9-4BAB-A0AF-35478A5E9F93};dadmin;;2021-03-18-03.50.02;{603D4378-0100-C2F1-A499-4484D35A42D5};Selection Coordinator;18/03/2021 03:50:02;18/03/2021 03:51:16;Workflow;PQ_Manager
COMPLETED;PQ_GenericQuestion_000000320004;{10424078-0100-CE65-B675-0B8A01D20F71}_-2_1_BA2AA7239154DD4FB6C5FFD93D8EE9BD;HR;{10424078-0000-CC16-8E22-2690004520E8};Step;Selection Coordinator;Selection Coordinator;2021-03-17-14.25.41;;{E0BAC726-36D9-4BAB-A0AF-35478A5E9F93};dadmin;;2021-03-17-13.56.18;{10424078-0100-CE65-B675-0B8A01D20F71};Selection Coordinator;17/03/2021 01:56:18;17/03/2021 02:25:41;Workflow;PQ_Manager
COMPLETED;PQ_GenericQuestion_000000180001;{803B6670-0000-C613-9B2E-F5A253F720DB}_-2_2_B63FDB239F9C11499410FB5986DC0F12;HR;{103B6670-0000-CB1E-9463-4A04826372F9};Step;Revision & Dispatching;Revision & Dispatching;2020-02-21-06.34.53;Dispatch;{E0BAC726-36D9-4BAB-A0AF-35478A5E9F93};admin;1340;2020-02-21-06.33.05;{803B6670-0000-C613-9B2E-F5A253F720DB};Revision & Dispatching;21/02/2020 06:33:05;21/02/2020 06:34:53;Workflow;Inbox
COMPLETED;PQ_GenericQuestion_000000200003;{40459972-0100-CE3A-B917-F8C23B671953}_-2_2_BD91A1E94595684DB9BBCE41AD1EB21A;HR;{40459972-0000-C71E-8D65-074715B48CEB};Step;Revision & Dispatching;Revision & Dispatching;2020-06-09-15.58.41;Dispatch;{E0BAC726-36D9-4BAB-A0AF-35478A5E9F93};dadmin;1730;2020-06-09-15.58.34;{40459972-0100-CE3A-B917-F8C23B671953};Revision & Dispatching;09/06/2020 03:58:34;09/06/2020 03:58:41;Workflow;Inbox
COMPLETED;PQ_GenericQuestion_000000420004;{90F2BF7B-0000-C28F-B2E0-5992A82813BD}_-2_2_84344CC3FC334047B1EDFDEE852907B9;HR;{80F2BF7B-0000-C1D0-B5B2-EF913098CAEA};Step;Revision & Dispatching;Revision & Dispatching;2021-10-02-14.05.27;Dispatch;{E0BAC726-36D9-4BAB-A0AF-35478A5E9F93};dadmin;;2021-10-02-14.02.20;{90F2BF7B-0000-C28F-B2E0-5992A82813BD};Revision & Dispatching;02/10/2021 02:02:20;02/10/2021 02:05:27;Workflow;Inbox
COMPLETED;PQ_GenericQuestion_000000390002;{107C0B7B-0100-CEFB-87C4-8CC520A5B9C2}_-2_1_A402623D907FF64C82753494F3808986;HR;{107C0B7B-0000-CC91-9115-C62BCA9B39C5};Step;Selection Coordinator;Selection Coordinator;2021-09-06-15.30.17;;{E0BAC726-36D9-4BAB-A0AF-35478A5E9F93};dadmin;;2021-08-03-12.08.07;{107C0B7B-0100-CEFB-87C4-8CC520A5B9C2};Selection Coordinator;03/08/2021 12:08:07;06/09/2021 03:30:17;Workflow;PQ_Manager
COMPLETED;;{74055528-E4CD-4E27-B9CA-9F4159DE7CED}_-2_1_286FF48F54973F44B6A2037AE6DBE36D;;{50E04478-0000-C297-A920-CCE28AC2520B};Step;Feedback review;Feedback review;2021-03-23-12.47.49;;{E0BAC726-36D9-4BAB-A0AF-35478A5E9F93};dadmin;;2021-03-18-11.49.06;{74055528-E4CD-4E27-B9CA-9F4159DE7CED};Feedback review;18/03/2021 11:49:06;23/03/2021 12:47:49;Workflow;Inbox
COMPLETED;PQ_GenericQuestion_000000440002;{70E0407C-0100-CFF9-8441-B162DF5BA491}_-2_2_F35CC721F9517F47809C16C3052C4F0F;HR;{70E0407C-0000-C89C-8CCE-CA9BA045C546};Step;Revision & Dispatching;Revision & Dispatching;2021-10-02-14.01.02;Dispatch;{E0BAC726-36D9-4BAB-A0AF-35478A5E9F93};dadmin;;2021-10-02-14.00.40;{70E0407C-0100-CFF9-8441-B162DF5BA491};Revision & Dispatching;02/10/2021 02:00:40;02/10/2021 02:01:02;Workflow;Inbox
COMPLETED;PQ_GenericQuestion_000000360002;{3031B178-0100-C4F2-A089-E1B466F4CE78}_-2_2_85F835E3AC42084F9D4088C5F7B2DD6D;HR;{3031B178-0000-C292-9CB8-AB5FA9AD5401};Step;Revision & Dispatching;Revision & Dispatching;2021-04-08-13.59.19;Dispatch;{E0BAC726-36D9-4BAB-A0AF-35478A5E9F93};dadmin;;2021-04-08-13.57.42;{3031B178-0100-C4F2-A089-E1B466F4CE78};Revision & Dispatching;08/04/2021 01:57:42;08/04/2021 01:59:19;Workflow;Inbox
COMPLETED;PQ_GenericQuestion_000000320005;{80694078-0100-CF3B-8F67-983722D173EE}_-2_1_2D45DC6FF9A74A419BB49417355009AE;HR;{80694078-0000-CE15-866C-C1542BA84F36};Step;Selection Coordinator;Selection Coordinator;2021-03-18-01.25.31;;{E0BAC726-36D9-4BAB-A0AF-35478A5E9F93};dadmin;;2021-03-17-14.39.20;{80694078-0100-CF3B-8F67-983722D173EE};Selection Coordinator;17/03/2021 02:39:20;18/03/2021 01:25:31;Workflow;PQ_Manager
COMPLETED;PQ_GenericQuestion_000000420005;{90F2BF7B-0900-CCBA-89FE-A02BF41483AF}_-2_2_4C24E2DFDDD43843AC4DB4104EBE0AA9;HR;{90F2BF7B-0800-CE59-8B08-BD7E4BF535DE};Step;Revision & Dispatching;Revision & Dispatching;2021-09-07-13.09.59;Dispatch;{E0BAC726-36D9-4BAB-A0AF-35478A5E9F93};dadmin;;2021-09-07-13.09.52;{90F2BF7B-0900-CCBA-89FE-A02BF41483AF};Revision & Dispatching;07/09/2021 01:09:52;07/09/2021 01:09:59;Workflow;Inbox
COMPLETED;PQ_GenericQuestion_000000180002;{E03C6670-0100-C434-ADD0-6407CE2012A7}_-2_2_0BB29BEC98F0884999E798B4563BA8A4;HR;{E03C6670-0000-C914-9AFD-B018C187FDAB};Step;Revision & Dispatching;Revision & Dispatching;2020-06-09-12.40.55;Dispatch;{E0BAC726-36D9-4BAB-A0AF-35478A5E9F93};dadmin;12345;2020-02-21-12.18.44;{E03C6670-0100-C434-ADD0-6407CE2012A7};Revision & Dispatching;21/02/2020 12:18:44;09/06/2020 12:40:55;Workflow;Inbox
COMPLETED;PQ_GenericQuestion_000000190001;{009C0372-0000-C410-941C-A8942D430A9D}_-2_2_5D484F7608058644A2FA80F84DDC261B;HR;{809B0372-0000-CF11-9876-8786D6F77A40};Step;Revision & Dispatching;Revision & Dispatching;2020-06-09-12.45.38;Dispatch;{E0BAC726-36D9-4BAB-A0AF-35478A5E9F93};dadmin;;2020-06-09-12.44.32;{009C0372-0000-C410-941C-A8942D430A9D};Revision & Dispatching;09/06/2020 12:44:32;09/06/2020 12:45:38;Workflow;Inbox
COMPLETED;PQ_GenericQuestion_000000420003;{70F2BF7B-0100-C9F8-A4D4-F827B87DA03D}_-2_2_1D64ABC6D08E0C4293FF03F9435FF5DA;HR;{70F2BF7B-0000-C298-9208-6A22821CB3E4};Step;Revision & Dispatching;Revision & Dispatching;2021-09-07-13.44.40;Dispatch;{E0BAC726-36D9-4BAB-A0AF-35478A5E9F93};dadmin;;2021-09-07-13.37.34;{70F2BF7B-0100-C9F8-A4D4-F827B87DA03D};Revision & Dispatching;07/09/2021 01:37:34;07/09/2021 01:44:40;Workflow;Inbox
COMPLETED;PQ_GenericQuestion_000000110006;{0015496E-0100-C13E-8765-916D91F6216F}_-2_1_DD20CCC72CCC7B4B9AAD6440024D9966;HR;{0015496E-0000-CD13-A48C-86313EF8CB9F};Step;Selection Coordinator;Selection Coordinator;2019-11-07-21.36.01;;{E0BAC726-36D9-4BAB-A0AF-35478A5E9F93};dadmin;;2019-11-07-21.35.46;{0015496E-0100-C13E-8765-916D91F6216F};Selection Coordinator;08/11/2019 04:35:46;08/11/2019 04:36:01;Workflow;PQ_Manager
COMPLETED;PQ_GenericQuestion_000000320006;{A06F4078-0100-C634-A66A-132EBCBF63A9}_-2_1_CBCA99860013B14E8D4185AD9442C913;HR;{A06F4078-0000-CC17-8C67-4893C262F2B9};Step;Selection Coordinator;Selection Coordinator;2021-03-18-01.23.20;;{E0BAC726-36D9-4BAB-A0AF-35478A5E9F93};dadmin;;2021-03-17-14.46.02;{A06F4078-0100-C634-A66A-132EBCBF63A9};Selection Coordinator;17/03/2021 02:46:02;18/03/2021 01:23:20;Workflow;PQ_Manager
COMPLETED;PQ_GenericQuestion_000000120001;{B04D4A6E-0100-C832-BABF-F24DD08BFCF6}_-2_2_943B4DB9C4A0E74FAA4062CE2FB6348F;HR;{B04D4A6E-0000-C616-BD9C-BB0647476F8C};Step;Revision & Dispatching;Revision & Dispatching;2019-11-08-03.20.40;Dispatch;{E0BAC726-36D9-4BAB-A0AF-35478A5E9F93};dadmin;;2019-11-08-03.19.20;{B04D4A6E-0100-C832-BABF-F24DD08BFCF6};Revision & Dispatching;08/11/2019 10:19:20;08/11/2019 10:20:40;Workflow;Inbox
COMPLETED;PQ_GenericQuestion_000000400002;{B042AC7B-0100-C8F0-917B-3510876D88B3}_-2_1_DF7A4F7ABF4A4040B38A32A0EAD5E013;HR;{B042AC7B-0000-C79E-B5FF-A460EB50E3B2};Step;Selection Coordinator;Selection Coordinator;2021-09-06-15.30.52;;{E0BAC726-36D9-4BAB-A0AF-35478A5E9F93};dadmin;;2021-09-03-17.24.18;{B042AC7B-0100-C8F0-917B-3510876D88B3};Selection Coordinator;03/09/2021 05:24:18;06/09/2021 03:30:52;Workflow;PQ_Manager
COMPLETED;PQ_GenericQuestion_000000160002;{A0D72E70-0100-CF32-A5CA-47EEF8A121CC}_-2_1_C707901300A2D54A88E5D138465488B0;HR;{A0D72E70-0000-C213-B58D-2FCA1B46E96C};Step;Selection Coordinator;Selection Coordinator;2020-02-10-15.26.34;;{E0BAC726-36D9-4BAB-A0AF-35478A5E9F93};dadmin;1020;2020-02-10-12.24.11;{A0D72E70-0100-CF32-A5CA-47EEF8A121CC};Selection Coordinator;10/02/2020 12:24:11;10/02/2020 03:26:34;Workflow;PQ_Manager
COMPLETED;PQ_GenericQuestion_000000260001;{C0522C75-0100-C0BF-8844-136E5522730B}_-2_1_3EF7B8EDF9F10A4A933BB2F14D2A7658;HR;{C0522C75-0000-C116-986E-9317F56987D8};Step;Selection Coordinator;Selection Coordinator;2020-10-15-15.04.42;;{E0BAC726-36D9-4BAB-A0AF-35478A5E9F93};dadmin;;2020-10-15-14.53.44;{C0522C75-0100-C0BF-8844-136E5522730B};Selection Coordinator;15/10/2020 02:53:44;15/10/2020 03:04:42;Workflow;PQ_Manager
COMPLETED;PQ_GenericQuestion_000000110004;{D0B4486E-0100-C639-9E0F-890793B09A3D}_-2_2_BF9692D231422A4CAACE97C4ABCA080E;HR;{D0B4486E-0000-CE1E-B395-4DA546DCC7AC};Step;Revision & Dispatching;Revision & Dispatching;2019-11-07-19.56.38;Dispatch;{E0BAC726-36D9-4BAB-A0AF-35478A5E9F93};malek;;2019-11-07-19.53.29;{D0B4486E-0100-C639-9E0F-890793B09A3D};Revision & Dispatching;08/11/2019 02:53:29;08/11/2019 02:56:38;Workflow;Inbox
COMPLETED;PQ_GenericQuestion_000000330005;{10214378-0100-CDF6-B5D0-33828A0653A7}_-2_2_64FAC68821E2CE4A9784D50CF732F838;HR;{10214378-0000-CC94-BDC9-D11B907CE94F};Step;Revision & Dispatching;Revision & Dispatching;2021-03-18-03.20.28;Dispatch;{E0BAC726-36D9-4BAB-A0AF-35478A5E9F93};dadmin;;2021-03-18-03.20.06;{10214378-0100-CDF6-B5D0-33828A0653A7};Revision & Dispatching;18/03/2021 03:20:06;18/03/2021 03:20:28;Workflow;Inbox
COMPLETED;;{40754078-0100-C03D-BD99-90CB5AB60F1C}_-2_1_A613D1BA29989E409F784C13680D4C8C;;{40754078-0000-C314-A9C2-AB52A6A91E04};Step;Selection Coordinator;Selection Coordinator;2021-03-17-14.52.44;;{E0BAC726-36D9-4BAB-A0AF-35478A5E9F93};dadmin;;2021-03-17-14.52.13;{40754078-0100-C03D-BD99-90CB5AB60F1C};Selection Coordinator;17/03/2021 02:52:13;17/03/2021 02:52:44;Workflow;PQ_Manager
COMPLETED;PQ_GenericQuestion_000000450001;{90DC797C-0100-CB86-8F81-24418B2214B0}_-2_2_2657C3B8CDF7044996CF21EAEC567D4A;HR;{80DC797C-0000-CA23-8645-2D0FE1D73B2C};Step;Revision & Dispatching;Revision & Dispatching;2021-10-13-15.36.55;Dispatch;{E0BAC726-36D9-4BAB-A0AF-35478A5E9F93};dadmin;;2021-10-13-15.36.28;{90DC797C-0100-CB86-8F81-24418B2214B0};Revision & Dispatching;13/10/2021 03:36:28;13/10/2021 03:36:55;Workflow;Inbox
COMPLETED;;{A042AC7B-0200-C85A-BC45-ACB180529397}_-2_2_F4A3937448D35F46ACFF5CECCF72F7EB;;{A042AC7B-0000-C39E-A823-D1A5ED9A7DD6};Step;Revision & Dispatching;Revision & Dispatching;2021-09-07-10.47.23;Dispatch;{E0BAC726-36D9-4BAB-A0AF-35478A5E9F93};dadmin;;2021-09-06-15.30.39;{A042AC7B-0200-C85A-BC45-ACB180529397};Revision & Dispatching;06/09/2021 03:30:39;07/09/2021 10:47:23;Workflow;Inbox
COMPLETED;;{40934478-0100-CAFA-ABDE-16F195C770FD}_-2_2_A73DA644B41A8743836C5F0D70101FEA;;{40934478-0000-C59A-B553-46D080E627DE};Step;Revision & Dispatching;Revision & Dispatching;2021-03-18-10.03.58;Dispatch;{E0BAC726-36D9-4BAB-A0AF-35478A5E9F93};dadmin;;2021-03-18-10.03.45;{40934478-0100-CAFA-ABDE-16F195C770FD};Revision & Dispatching;18/03/2021 10:03:45;18/03/2021 10:03:58;Workflow;Inbox
COMPLETED;PQ_GenericQuestion_000000240001;{D084DE74-0100-C53E-A90B-8F550E8EA046}_-2_1_07D06C6B2D63904281D7DF133B843AE7;HR;{D084DE74-0000-CE1B-AD2F-892629F8783B};Step;Selection Coordinator;Selection Coordinator;2020-09-30-12.18.21;;{E0BAC726-36D9-4BAB-A0AF-35478A5E9F93};dadmin;;2020-09-30-12.18.05;{D084DE74-0100-C53E-A90B-8F550E8EA046};Selection Coordinator;30/09/2020 12:18:05;30/09/2020 12:18:21;Workflow;PQ_Manager
COMPLETED;;{60E75E78-0200-CD38-ACDE-B826F9F52C3B}_-2_2_51466F90974DDC4E8FF26F066322C2D9;;{60E75E78-0000-C995-A621-2A273DDBF843};Step;Revision & Dispatching;Revision & Dispatching;2021-03-23-12.47.06;Dispatch;{E0BAC726-36D9-4BAB-A0AF-35478A5E9F93};dadmin;;2021-03-23-12.46.51;{60E75E78-0200-CD38-ACDE-B826F9F52C3B};Revision & Dispatching;23/03/2021 12:46:51;23/03/2021 12:47:06;Workflow;Inbox
COMPLETED;;{F07B0B7B-0200-C269-8E13-E8B9563C0504}_-2_2_073A8467E10F8D46BD9EB16E27E15A8E;;{F07B0B7B-0000-C296-AA5C-DEF5E401AFAB};Step;Revision & Dispatching;Revision & Dispatching;2021-09-03-17.14.12;Dispatch;{E0BAC726-36D9-4BAB-A0AF-35478A5E9F93};dadmin;;2021-09-03-17.13.41;{F07B0B7B-0200-C269-8E13-E8B9563C0504};Revision & Dispatching;03/09/2021 05:13:41;03/09/2021 05:14:12;Workflow;Inbox
COMPLETED;PQ_GenericQuestion_000000330003;{B0CC4278-0100-CBF8-AAE1-E5E103EB389B}_-2_1_B4BB623D7C8C074D893381FA4D6AC9EB;HR;{B0CC4278-0000-C090-A19D-D1804434E729};Step;Selection Coordinator;Selection Coordinator;2021-03-18-01.47.38;;{E0BAC726-36D9-4BAB-A0AF-35478A5E9F93};dadmin;;2021-03-18-01.46.58;{B0CC4278-0100-CBF8-AAE1-E5E103EB389B};Selection Coordinator;18/03/2021 01:46:58;18/03/2021 01:47:38;Workflow;PQ_Manager
COMPLETED;PQ_GenericQuestion_000000230002;{109EDC74-0100-CA3F-AEC4-DE912A7786A3}_-2_1_07ADC2B8280F1C4B9F367635BB0F3CE8;HR;{109EDC74-0000-C713-97C9-7D8F62EF63F7};Step;Selection Coordinator;Selection Coordinator;2020-09-30-03.27.06;;{E0BAC726-36D9-4BAB-A0AF-35478A5E9F93};dadmin;;2020-09-30-03.26.22;{109EDC74-0100-CA3F-AEC4-DE912A7786A3};Selection Coordinator;30/09/2020 03:26:22;30/09/2020 03:27:06;Workflow;PQ_Manager
COMPLETED;PQ_GenericQuestion_000000210001;{20786D74-0100-C69C-B8F1-7D9EC81F5411}_-2_2_108BC6ED281BBE4499CD15ED40AA0E4A;HR;{20786D74-0000-C71F-A2BA-22A0E42083B9};Step;Revision & Dispatching;Revision & Dispatching;2020-09-30-02.31.05;Dispatch;{E0BAC726-36D9-4BAB-A0AF-35478A5E9F93};dadmin;12340;2020-09-29-18.02.03;{20786D74-0100-C69C-B8F1-7D9EC81F5411};Revision & Dispatching;29/09/2020 06:02:03;30/09/2020 02:31:05;Workflow;Inbox
COMPLETED;;{70614378-0100-C8F1-B853-6C6FDABA3627}_-2_1_C12570B97E13E04E9A31A9CE3D1EA097;;{70614378-0000-CF99-ACD1-EEA5651244FC};Step;Selection Coordinator;Selection Coordinator;2021-03-18-04.29.48;;{E0BAC726-36D9-4BAB-A0AF-35478A5E9F93};dadmin;;2021-03-18-04.29.24;{70614378-0100-C8F1-B853-6C6FDABA3627};Selection Coordinator;18/03/2021 04:29:24;18/03/2021 04:29:48;Workflow;PQ_Manager
CANCELED;PQ_GenericQuestion_000000100003;{80C8CA6D-0100-CD37-B568-0457F1BC24EF}_-4_1_620E4941D7D7A243BF5251980DA6D696;;{80C8CA6D-0000-C417-AD63-DB4997247135};Step;Review;Review;9999-12-31-23.59.59;;{E0BAC726-36D9-4BAB-A0AF-35478A5E9F93};dadmin;;2019-11-07-17.31.44;{80C8CA6D-0100-CD37-B568-0457F1BC24EF};Review;08/11/2019 12:31:44;01/01/10000 06:59:59;Malfunction;Conductor
COMPLETED;;{90964478-0100-C1C9-BD3E-6AE598FBB70A}_-2_2_F24FA853960D694BB94CC266603EE726;;{90964478-0000-C69C-B03E-EECDE18572C7};Step;Revision & Dispatching;Revision & Dispatching;2021-03-18-10.08.47;Dispatch;{E0BAC726-36D9-4BAB-A0AF-35478A5E9F93};dadmin;;2021-03-18-10.08.32;{90964478-0100-C1C9-BD3E-6AE598FBB70A};Revision & Dispatching;18/03/2021 10:08:32;18/03/2021 10:08:47;Workflow;Inbox
COMPLETED;PQ_GenericQuestion_000000310001;{40043B78-0100-CCD4-B091-7610AD762137}_-2_2_BCD4769D1AAF5744A13E0189575B83C4;HR;{40043B78-0000-C210-B09A-60047096B0F7};Step;Revision & Dispatching;Revision & Dispatching;2021-03-16-13.31.25;Dispatch;{E0BAC726-36D9-4BAB-A0AF-35478A5E9F93};dadmin;;2021-03-16-13.31.03;{40043B78-0100-CCD4-B091-7610AD762137};Revision & Dispatching;16/03/2021 01:31:03;16/03/2021 01:31:25;Workflow;Inbox
COMPLETED;PQ_GenericQuestion_000000320001;{F0D03B78-0100-CB68-A4CE-328FD0509108}_-2_2_0B51648DFF276041988C45A20960989A;HR;{F0D03B78-0000-C31E-8F44-E7AF9D0422D8};Step;Revision & Dispatching;Revision & Dispatching;2021-03-16-17.15.02;Dispatch;{E0BAC726-36D9-4BAB-A0AF-35478A5E9F93};dadmin;;2021-03-16-17.14.36;{F0D03B78-0100-CB68-A4CE-328FD0509108};Revision & Dispatching;16/03/2021 05:14:36;16/03/2021 05:15:02;Workflow;Inbox
COMPLETED;;{70DC3B78-0100-C93A-9764-833D7F0D1C8F}_-2_1_F2F9CE6B2DD2FF44A57E92A959616E73;;{60DC3B78-0000-C814-8564-E98898C76C70};Step;Selection Coordinator;Selection Coordinator;2021-03-16-17.27.21;;{E0BAC726-36D9-4BAB-A0AF-35478A5E9F93};dadmin;;2021-03-16-17.26.46;{70DC3B78-0100-C93A-9764-833D7F0D1C8F};Selection Coordinator;16/03/2021 05:26:46;16/03/2021 05:27:21;Workflow;PQ_Manager
COMPLETED;PQ_GenericQuestion_000000430002;{C0B4C07B-0200-CA37-A629-A64ED5A3D495}_-2_1_1852DBDFCBC8AE4D986F0B0DFBF0950E;HR;{C0B4C07B-0000-C19A-ABA9-3D826AE9BA30};Step;Selection Coordinator;Selection Coordinator;2021-09-07-16.48.10;;{E0BAC726-36D9-4BAB-A0AF-35478A5E9F93};dadmin;;2021-09-07-16.41.17;{C0B4C07B-0200-CA37-A629-A64ED5A3D495};Selection Coordinator;07/09/2021 04:41:17;07/09/2021 04:48:10;Workflow;PQ_Manager
COMPLETED;;{D0449972-0000-C61E-AC1C-10E3B27D271F}_-2_2_2B94F8B37BAEE847A24B5C26C0D38762;;{50449972-0000-C216-B4A9-89048E4B4C95};Step;Revision & Dispatching;Revision & Dispatching;2020-06-09-15.30.16;Dispatch;{E0BAC726-36D9-4BAB-A0AF-35478A5E9F93};dadmin;;2020-06-09-15.29.33;{D0449972-0000-C61E-AC1C-10E3B27D271F};Revision & Dispatching;09/06/2020 03:29:33;09/06/2020 03:30:16;Workflow;Inbox
COMPLETED;PQ_GenericQuestion_000000360007;{E07CB178-0200-CCBC-AACE-DF19329DF099}_-2_1_E8E096AD0580654D80A37163931F4671;HR;{E07CB178-0100-CC5E-9B10-147873AC4611};Step;Selection Coordinator;Selection Coordinator;2021-06-02-12.07.13;;{E0BAC726-36D9-4BAB-A0AF-35478A5E9F93};dadmin;;2021-04-08-14.37.38;{E07CB178-0200-CCBC-AACE-DF19329DF099};Selection Coordinator;08/04/2021 02:37:38;02/06/2021 12:07:13;Workflow;PQ_Manager
COMPLETED;PQ_GenericQuestion_000000360003;{5031B178-0200-C054-A622-45CB6AAB0A4F}_-2_1_A85AB95247F0F14B9B85F75AA68726E2;HR;{5031B178-0000-CFFD-9DE9-1ED816EAB4A6};Step;Selection Coordinator;Selection Coordinator;2021-04-08-13.57.53;;{E0BAC726-36D9-4BAB-A0AF-35478A5E9F93};dadmin;;2021-04-08-13.15.05;{5031B178-0200-C054-A622-45CB6AAB0A4F};Selection Coordinator;08/04/2021 01:15:05;08/04/2021 01:57:53;Workflow;PQ_Manager
COMPLETED;;{D0B4486E-0100-C639-9E0F-890793B09A3D}_-2_1_D66D29E20A191A4BA6F15F6DE0FB6CAD;;{D0B4486E-0000-CE1E-B395-4DA546DCC7AC};Step;Selection Coordinator;Selection Coordinator;2019-11-07-19.53.28;;{E0BAC726-36D9-4BAB-A0AF-35478A5E9F93};dadmin;;2019-11-07-19.50.42;{D0B4486E-0100-C639-9E0F-890793B09A3D};Selection Coordinator;08/11/2019 02:50:42;08/11/2019 02:53:28;Workflow;PQ_Manager
COMPLETED;PQ_GenericQuestion_000000330004;{00D44278-0100-CAFC-BC06-0F18068FC820}_-2_1_F7EAA9A5BAA92543A9E9509D260DC11E;HR;{00D44278-0000-C498-9B7B-D0FA02492A1F};Step;Selection Coordinator;Selection Coordinator;2021-03-18-01.55.14;;{E0BAC726-36D9-4BAB-A0AF-35478A5E9F93};dadmin;;2021-03-18-01.54.57;{00D44278-0100-CAFC-BC06-0F18068FC820};Selection Coordinator;18/03/2021 01:54:57;18/03/2021 01:55:14;Workflow;PQ_Manager
COMPLETED;;{302C4378-0100-C0FB-9ADD-BEEC200E9B13}_-2_1_59B18396A73372458B890DC6F67BFAAC;;{302C4378-0000-C997-9807-D954CDFC50EF};Step;Selection Coordinator;Selection Coordinator;2021-03-18-03.31.27;;{E0BAC726-36D9-4BAB-A0AF-35478A5E9F93};dadmin;;2021-03-18-03.31.15;{302C4378-0100-C0FB-9ADD-BEEC200E9B13};Selection Coordinator;18/03/2021 03:31:15;18/03/2021 03:31:27;Workflow;PQ_Manager
COMPLETED;PQ_GenericQuestion_000000110002;{5041486E-0100-CD31-B0E2-7D5B2AC9B056}_-2_1_7445BE43C6D497469F231C3EF70F6669;;{5041486E-0000-C214-904B-E19CE3B60182};Step;Selection Coordinator;Selection Coordinator;2019-11-07-17.44.57;;{E0BAC726-36D9-4BAB-A0AF-35478A5E9F93};dadmin;;2019-11-07-17.44.32;{5041486E-0100-CD31-B0E2-7D5B2AC9B056};Selection Coordinator;08/11/2019 12:44:32;08/11/2019 12:44:57;Workflow;PQ_Manager
COMPLETED;;{D0B4486E-0100-C639-9E0F-890793B09A3D}_-2_2_5B3EFFABE1BB1F4FA04F39EB482CE74F;;{D0B4486E-0000-CE1E-B395-4DA546DCC7AC};Step;Revision & Dispatching;Revision & Dispatching;2019-11-07-19.59.13;Dispatch;{E0BAC726-36D9-4BAB-A0AF-35478A5E9F93};dadmin;;2019-11-07-19.53.29;{D0B4486E-0100-C639-9E0F-890793B09A3D};Revision & Dispatching;08/11/2019 02:53:29;08/11/2019 02:59:13;Workflow;Inbox
COMPLETED;PQ_GenericQuestion_000000380004;{9035A47A-0100-CAFB-B054-ED95DE39218F}_-2_1_F6359E9BF4F69F4DB3144AD5D69785B3;HR;{9035A47A-0000-C19C-962C-1FC13644FEEF};Step;Selection Coordinator;Selection Coordinator;2021-08-02-14.26.11;;{E0BAC726-36D9-4BAB-A0AF-35478A5E9F93};dadmin;;2021-07-14-10.50.14;{9035A47A-0100-CAFB-B054-ED95DE39218F};Selection Coordinator;14/07/2021 10:50:14;02/08/2021 02:26:11;Workflow;PQ_Manager
COMPLETED;PQ_GenericQuestion_000000330012;{705F4378-0100-C7FB-BD3A-8D7FAED3C4D2}_-2_2_2E1E1C8DEC5EAB4E85D2C8742B5CA592;HR;{705F4378-0000-C191-92C8-8AD179C49675};Step;Revision & Dispatching;Revision & Dispatching;2021-03-18-04.27.45;Dispatch;{E0BAC726-36D9-4BAB-A0AF-35478A5E9F93};dadmin;;2021-03-18-04.27.27;{705F4378-0100-C7FB-BD3A-8D7FAED3C4D2};Revision & Dispatching;18/03/2021 04:27:27;18/03/2021 04:27:45;Workflow;Inbox
COMPLETED;;{00E8AD75-0100-C695-BEE3-123B68810658}_-2_2_9B08302879B7A845AF1D1F29959755D5;;{00E8AD75-0000-CB1F-9D6F-845E02A491BF};Step;Revision & Dispatching;Revision & Dispatching;2021-02-18-22.10.59;Dispatch;{E0BAC726-36D9-4BAB-A0AF-35478A5E9F93};dadmin;;2020-11-09-17.50.09;{00E8AD75-0100-C695-BEE3-123B68810658};Revision & Dispatching;09/11/2020 05:50:09;18/02/2021 10:10:59;Workflow;Inbox
COMPLETED;PQ_GenericQuestion_000000440001;{60DF407C-0200-C356-B747-2AAB8C2C096F}_-2_1_A4A3784EC6F83A4B9920B3577DA3E255;HR;{60DF407C-0000-CE96-9561-D6C0B3E27867};Step;Selection Coordinator;Selection Coordinator;2021-10-02-13.59.51;;{E0BAC726-36D9-4BAB-A0AF-35478A5E9F93};dadmin;;2021-10-02-13.59.14;{60DF407C-0200-C356-B747-2AAB8C2C096F};Selection Coordinator;02/10/2021 01:59:14;02/10/2021 01:59:51;Workflow;PQ_Manager
COMPLETED;;{C0404378-0100-C7FF-B9E3-5750601E8278}_-2_2_9AB2612E6F426C498D83FBD1AC357D70;;{C0404378-0000-CD93-B0A1-03EF952B9BE2};Step;Revision & Dispatching;Revision & Dispatching;2021-03-18-03.55.00;Dispatch;{E0BAC726-36D9-4BAB-A0AF-35478A5E9F93};dadmin;;2021-03-18-03.54.42;{C0404378-0100-C7FF-B9E3-5750601E8278};Revision & Dispatching;18/03/2021 03:54:42;18/03/2021 03:55:00;Workflow;Inbox
COMPLETED;;{A05E5779-0100-C090-81DA-DD0EFBE02863}_-2_2_AF88E2DDF45F464F9D3E18750687555B;;{A05E5779-0000-C11B-958F-483CF0977305};Step;Revision & Dispatching;Revision & Dispatching;2021-05-10-19.42.03;Dispatch;{E0BAC726-36D9-4BAB-A0AF-35478A5E9F93};dadmin;;2021-05-10-19.41.51;{A05E5779-0100-C090-81DA-DD0EFBE02863};Revision & Dispatching;10/05/2021 07:41:51;10/05/2021 07:42:03;Workflow;Inbox
COMPLETED;;{60E8DF74-0100-CE5D-B67C-21171E5A0981}_-2_2_E7521B3EC903C74AAF130470934A1EF7;;{60E8DF74-0000-CA1B-9DC6-FD880895EF08};Step;Revision & Dispatching;Revision & Dispatching;2020-09-30-18.47.06;Dispatch;{E0BAC726-36D9-4BAB-A0AF-35478A5E9F93};dadmin;;2020-09-30-18.46.49;{60E8DF74-0100-CE5D-B67C-21171E5A0981};Revision & Dispatching;30/09/2020 06:46:49;30/09/2020 06:47:06;Workflow;Inbox
COMPLETED;;{B071CB6E-0100-C196-82BE-1FDFB49AD4A9}_-2_1_F3E385374ECB724EB3918E11861AC322;;{B071CB6E-0000-C219-9B1A-C7FE586D93B7};Step;Selection Coordinator;Selection Coordinator;2019-12-03-05.10.07;;{E0BAC726-36D9-4BAB-A0AF-35478A5E9F93};dadmin;;2019-12-03-05.07.37;{B071CB6E-0100-C196-82BE-1FDFB49AD4A9};Selection Coordinator;03/12/2019 12:07:37;03/12/2019 12:10:07;Workflow;PQ_Manager
COMPLETED;;{50C54478-0100-C4FB-B0AE-F2CF0876FB57}_-2_2_9178C85A2DB58F4287E193C2ABF2CAF8;;{50C54478-0000-C191-82EA-EE27807CC1B9};Step;Revision & Dispatching;Revision & Dispatching;2021-03-18-10.59.15;Dispatch;{E0BAC726-36D9-4BAB-A0AF-35478A5E9F93};dadmin;;2021-03-18-10.58.31;{50C54478-0100-C4FB-B0AE-F2CF0876FB57};Revision & Dispatching;18/03/2021 10:58:31;18/03/2021 10:59:15;Workflow;Inbox
COMPLETED;;{D077DC74-0100-C66F-92ED-D95EEE61E643}_-2_2_342BFC71A025804186DBD9F1AC41B1FF;;{D077DC74-0000-C01D-BE3D-A06C6D9779E7};Step;Revision & Dispatching;Revision & Dispatching;2020-09-30-02.45.23;Dispatch;{E0BAC726-36D9-4BAB-A0AF-35478A5E9F93};dadmin;;2020-09-30-02.44.56;{D077DC74-0100-C66F-92ED-D95EEE61E643};Revision & Dispatching;30/09/2020 02:44:56;30/09/2020 02:45:23;Workflow;Inbox
COMPLETED;;{B0645779-0100-C9F5-9397-F55CC9DF1A48}_-2_1_9E16D7CDC5B6324CB150C2C1C474369A;;{B0645779-0000-CA9C-86E5-23A527214EEC};Step;Selection Coordinator;Selection Coordinator;2021-07-06-11.15.55;;{E0BAC726-36D9-4BAB-A0AF-35478A5E9F93};dadmin;;2021-05-10-19.48.09;{B0645779-0100-C9F5-9397-F55CC9DF1A48};Selection Coordinator;10/05/2021 07:48:09;06/07/2021 11:15:55;Workflow;PQ_Manager
CANCELED;PQ_GenericQuestion_000000110001;{20A9476E-0100-CBAB-9680-F107D233FB3E}_-4_1_9E2CBFD67C256C40BB6486AE09BF26F2;;{20A9476E-0000-C717-BDBB-FF1FBF3D048E};Step;Review;Review;9999-12-31-23.59.59;;{E0BAC726-36D9-4BAB-A0AF-35478A5E9F93};dadmin;;2019-11-07-17.31.44;{20A9476E-0100-CBAB-9680-F107D233FB3E};Review;08/11/2019 12:31:44;01/01/10000 06:59:59;Malfunction;Conductor
COMPLETED;;{6030B178-0200-C250-9F26-FF3B9A302357}_-2_1_D98A5CE558BB9D4FBAA8126E740BD4B8;;{6030B178-0000-CD9C-88B1-D59C59AAC350};Step;Selection Coordinator;Selection Coordinator;2021-04-08-13.55.50;;{E0BAC726-36D9-4BAB-A0AF-35478A5E9F93};dadmin;;2021-04-08-13.14.04;{6030B178-0200-C250-9F26-FF3B9A302357};Selection Coordinator;08/04/2021 01:14:04;08/04/2021 01:55:50;Workflow;PQ_Manager
INITIATED;;{6DAD4099-D83F-46B7-9C95-0C6AB5F75615}_-2_1_9918FD4BD748F741AB2AF4951338152F;;{D0B4486E-0000-CE1E-B395-4DA546DCC7AC};Step;Feedback review;Feedback review;9999-12-31-23.59.59;;{E0BAC726-36D9-4BAB-A0AF-35478A5E9F93};dadmin;;2019-11-07-20.02.44;{6DAD4099-D83F-46B7-9C95-0C6AB5F75615};Feedback review;08/11/2019 03:02:44;01/01/10000 06:59:59;Workflow;Inbox
COMPLETED;;{5047496E-0100-C535-AEBA-92CEB9C8889A}_-2_2_5E8F5E454E60694A97BE7056004731D6;;{5047496E-0000-C610-93A6-1F2CFCA04636};Step;Revision & Dispatching;Revision & Dispatching;2019-11-07-22.31.56;Dispatch;{E0BAC726-36D9-4BAB-A0AF-35478A5E9F93};dadmin;;2019-11-07-22.31.24;{5047496E-0100-C535-AEBA-92CEB9C8889A};Revision & Dispatching;08/11/2019 05:31:24;08/11/2019 05:31:56;Workflow;Inbox
COMPLETED;;{507DB178-0100-CFFD-B0F7-FA1CD8BC4A4B}_-2_1_7B28B18C4F8FBB42B816C26380EE74D4;;{507DB178-0000-C09B-8483-4940D944D3B0};Step;Selection Coordinator;Selection Coordinator;2021-07-06-11.15.28;;{E0BAC726-36D9-4BAB-A0AF-35478A5E9F93};dadmin;;2021-04-08-14.38.07;{507DB178-0100-CFFD-B0F7-FA1CD8BC4A4B};Selection Coordinator;08/04/2021 02:38:07;06/07/2021 11:15:28;Workflow;PQ_Manager
COMPLETED;;{4069496E-0100-CB35-B44B-E6E125C46DD6}_-2_2_8A98DA711A5326418CAB9A51419D2446;;{4069496E-0000-CB1F-A3D7-7C7AB0D85C9A};Step;Revision & Dispatching;Revision & Dispatching;2019-11-07-23.13.46;Dispatch;{E0BAC726-36D9-4BAB-A0AF-35478A5E9F93};dadmin;;2019-11-07-23.08.31;{4069496E-0100-CB35-B44B-E6E125C46DD6};Revision & Dispatching;08/11/2019 06:08:31;08/11/2019 06:13:46;Workflow;Inbox
COMPLETED;;{D0B59872-0100-C998-903A-6405B43A117C}_-2_1_8ABE45D51A04E141928E111739A30B05;;{D0B59872-0000-CC1D-A883-9D104C17FD87};Step;Selection Coordinator;Selection Coordinator;2020-06-09-12.53.35;;{E0BAC726-36D9-4BAB-A0AF-35478A5E9F93};dadmin;;2020-06-09-12.52.34;{D0B59872-0100-C998-903A-6405B43A117C};Selection Coordinator;09/06/2020 12:52:34;09/06/2020 12:53:35;Workflow;PQ_Manager
COMPLETED;;{B098DA74-0100-CB60-8919-DD800BBDF307}_-2_1_92C2DCEF107DA646B4A3A41580741D47;;{B098DA74-0000-C01B-BE1A-E4E995E97D11};Step;Selection Coordinator;Selection Coordinator;2020-09-29-18.02.37;;{E0BAC726-36D9-4BAB-A0AF-35478A5E9F93};dadmin;;2020-09-29-18.01.18;{B098DA74-0100-CB60-8919-DD800BBDF307};Selection Coordinator;29/09/2020 06:01:18;29/09/2020 06:02:37;Workflow;PQ_Manager
COMPLETED;;{60414678-0100-C6F8-BA89-C57616DB4B3A}_-2_1_C880E5571F69FE4BBF67B56345097379;;{60414678-0000-C19D-B4EE-3FD4ECFD7D8E};Step;Selection Coordinator;Selection Coordinator;2021-04-08-13.04.28;;{E0BAC726-36D9-4BAB-A0AF-35478A5E9F93};dadmin;;2021-03-18-17.53.16;{60414678-0100-C6F8-BA89-C57616DB4B3A};Selection Coordinator;18/03/2021 05:53:16;08/04/2021 01:04:28;Workflow;PQ_Manager
COMPLETED;;{302E4378-0100-CBF6-868C-435BBFA3AC60}_-2_1_DB5312B4737E0042A5BAA2B918AA8948;;{302E4378-0000-C893-88A7-00ACDBA78417};Step;Selection Coordinator;Selection Coordinator;2021-03-18-03.33.41;;{E0BAC726-36D9-4BAB-A0AF-35478A5E9F93};dadmin;;2021-03-18-03.33.26;{302E4378-0100-CBF6-868C-435BBFA3AC60};Selection Coordinator;18/03/2021 03:33:26;18/03/2021 03:33:41;Workflow;PQ_Manager
COMPLETED;;{F081486E-0100-CD31-98C6-D3192D3E361B}_-2_2_7FD8EAD2C2D0FD429B5CA4A15C298929;;{F081486E-0000-C114-9D64-68D33875415A};Step;Revision & Dispatching;Revision & Dispatching;2019-11-07-20.04.53;Dispatch;{E0BAC726-36D9-4BAB-A0AF-35478A5E9F93};dadmin;;2019-11-07-19.30.53;{F081486E-0100-CD31-98C6-D3192D3E361B};Revision & Dispatching;08/11/2019 02:30:53;08/11/2019 03:04:53;Workflow;Inbox
COMPLETED;;{40043B78-0100-CCD4-B091-7610AD762137}_-2_1_BCD4769D1AAF5744A13E0189575B83C4;;{40043B78-0000-C210-B09A-60047096B0F7};Step;Selection Coordinator;Selection Coordinator;2021-03-16-13.31.03;;{E0BAC726-36D9-4BAB-A0AF-35478A5E9F93};dadmin;;2021-03-16-13.30.38;{40043B78-0100-CCD4-B091-7610AD762137};Selection Coordinator;16/03/2021 01:30:38;16/03/2021 01:31:03;Workflow;PQ_Manager
COMPLETED;;{A0754478-0100-C2FB-A211-F9B0EA9F6513}_-2_1_61E77055639D514AA868DB53E91001FE;;{A0754478-0000-C79D-AE4D-DF1124ACBDE6};Step;Selection Coordinator;Selection Coordinator;2021-03-18-09.33.09;;{E0BAC726-36D9-4BAB-A0AF-35478A5E9F93};dadmin;;2021-03-18-09.31.04;{A0754478-0100-C2FB-A211-F9B0EA9F6513};Selection Coordinator;18/03/2021 09:31:04;18/03/2021 09:33:09;Workflow;PQ_Manager
COMPLETED;PQ_GenericQuestion_000000330006;{D0234378-0100-C4F3-959D-950F184B16DB}_-2_2_C012A9D0E7E2BD46AAD5DDA5CA221FD4;HR;{D0234378-0000-CA92-81B4-D0B5D42F9E9D};Step;Revision & Dispatching;Revision & Dispatching;2021-03-18-03.22.53;Dispatch;{E0BAC726-36D9-4BAB-A0AF-35478A5E9F93};dadmin;;2021-03-18-03.22.43;{D0234378-0100-C4F3-959D-950F184B16DB};Revision & Dispatching;18/03/2021 03:22:43;18/03/2021 03:22:53;Workflow;Inbox
COMPLETED;;{9035A47A-0100-CAFB-B054-ED95DE39218F}_-2_2_F6359E9BF4F69F4DB3144AD5D69785B3;;{9035A47A-0000-C19C-962C-1FC13644FEEF};Step;Revision & Dispatching;Revision & Dispatching;2021-08-02-14.45.39;Dispatch;{E0BAC726-36D9-4BAB-A0AF-35478A5E9F93};dadmin;;2021-08-02-14.26.12;{9035A47A-0100-CAFB-B054-ED95DE39218F};Revision & Dispatching;02/08/2021 02:26:12;02/08/2021 02:45:39;Workflow;Inbox
COMPLETED;;{4084D16E-0100-C26A-88E5-D5069EB51217}_-2_1_D0645E3E1FE6194C91E483D4ADB97004;;{4084D16E-0000-C719-A0AB-414FFE4EBC45};Step;Selection Coordinator;Selection Coordinator;2019-12-04-09.26.00;;{E0BAC726-36D9-4BAB-A0AF-35478A5E9F93};dadmin;;2019-12-04-09.25.39;{4084D16E-0100-C26A-88E5-D5069EB51217};Selection Coordinator;04/12/2019 04:25:39;04/12/2019 04:26:00;Workflow;PQ_Manager
FAILED;;{607D6E75-0100-C07A-BA26-8C3739B59795}_-2_2_59D8237F66DF8D4DB82A746061B842C7;;{607D6E75-0000-C81F-A132-F98D0811C633};Step;Revision & Dispatching;Revision & Dispatching;2020-10-28-16.53.06;;{E0BAC726-36D9-4BAB-A0AF-35478A5E9F93};dadmin;;2020-10-28-16.53.06;{607D6E75-0100-C07A-BA26-8C3739B59795};Revision & Dispatching;28/10/2020 04:53:06;28/10/2020 04:53:06;Workflow;Inbox
COMPLETED;PQ_GenericQuestion_000000380001;{907BA37A-0200-C135-A636-93FB80658B82}_-2_1_488F4F74A4513A4DBC636D8853733852;HR;{907BA37A-0000-C19B-BA68-CA545F31F504};Step;Selection Coordinator;Selection Coordinator;2021-07-14-09.41.39;;{E0BAC726-36D9-4BAB-A0AF-35478A5E9F93};dadmin;;2021-07-14-07.27.07;{907BA37A-0200-C135-A636-93FB80658B82};Selection Coordinator;14/07/2021 07:27:07;14/07/2021 09:41:39;Workflow;PQ_Manager
COMPLETED;;{E0D12E70-0000-CD1B-B45C-F3C068DEA018}_-2_2_6906C4312F99574E9999ABB94E51123B;;{60D12E70-0000-C313-B0B0-B4CC5788D6BB};Step;Revision & Dispatching;Revision & Dispatching;2020-02-10-12.19.22;Dispatch;{E0BAC726-36D9-4BAB-A0AF-35478A5E9F93};dadmin;;2020-02-10-12.18.51;{E0D12E70-0000-CD1B-B45C-F3C068DEA018};Revision & Dispatching;10/02/2020 12:18:51;10/02/2020 12:19:22;Workflow;Inbox
COMPLETED;;{1043AC7B-0100-C4F3-9C40-83F5381E7A54}_-2_2_62D112D9AFB5144E9A6277F3EE873BAD;;{1043AC7B-0000-C492-A006-4D62F388B242};Step;Revision & Dispatching;Revision & Dispatching;2021-09-07-10.47.30;Dispatch;{E0BAC726-36D9-4BAB-A0AF-35478A5E9F93};dadmin;;2021-09-06-15.31.18;{1043AC7B-0100-C4F3-9C40-83F5381E7A54};Revision & Dispatching;06/09/2021 03:31:18;07/09/2021 10:47:30;Workflow;Inbox
COMPLETED;;{6031B178-0100-C9FA-A645-B987AB18FD35}_-2_2_B5502F80D3E22942AFF78480303F83D2;;{6031B178-0000-C19F-8970-AE1198C373E5};Step;Revision & Dispatching;Revision & Dispatching;2021-04-08-13.59.27;Dispatch;{E0BAC726-36D9-4BAB-A0AF-35478A5E9F93};dadmin;;2021-04-08-13.58.55;{6031B178-0100-C9FA-A645-B987AB18FD35};Revision & Dispatching;08/04/2021 01:58:55;08/04/2021 01:59:27;Workflow;Inbox
COMPLETED;;{B0066978-0200-C254-B1EF-3A8EE752CBF8}_-2_2_774E1756924DF84E9EE6D89953BEA859;;{B0066978-0000-C6B5-845A-1C84B049153C};Step;Revision & Dispatching;Revision & Dispatching;2021-03-25-11.57.08;Dispatch;{E0BAC726-36D9-4BAB-A0AF-35478A5E9F93};dadmin;;2021-03-25-11.56.46;{B0066978-0200-C254-B1EF-3A8EE752CBF8};Revision & Dispatching;25/03/2021 11:56:46;25/03/2021 11:57:08;Workflow;Inbox
COMPLETED;;{00ACCB6E-0100-C938-8B95-B9F34EFAC1FA}_-2_1_89196439CA0D7D40B353B152508CDA44;;{00ACCB6E-0000-C614-AEBC-5F436AF1C3FE};Step;Selection Coordinator;Selection Coordinator;2019-12-04-09.24.06;;{E0BAC726-36D9-4BAB-A0AF-35478A5E9F93};dadmin;;2019-12-03-06.11.20;{00ACCB6E-0100-C938-8B95-B9F34EFAC1FA};Selection Coordinator;03/12/2019 01:11:20;04/12/2019 04:24:06;Workflow;PQ_Manager
COMPLETED;;{109EDC74-0100-CA3F-AEC4-DE912A7786A3}_-2_2_07ADC2B8280F1C4B9F367635BB0F3CE8;;{109EDC74-0000-C713-97C9-7D8F62EF63F7};Step;Revision & Dispatching;Revision & Dispatching;2020-09-30-03.27.19;Dispatch;{E0BAC726-36D9-4BAB-A0AF-35478A5E9F93};dadmin;;2020-09-30-03.27.07;{109EDC74-0100-CA3F-AEC4-DE912A7786A3};Revision & Dispatching;30/09/2020 03:27:07;30/09/2020 03:27:19;Workflow;Inbox
COMPLETED;;{B0BE4278-0100-C3FF-8152-AAE9293EFC42}_-2_1_FE2246AA86284349BBB3E8D9ACEAEA3A;;{B0BE4278-0000-C29C-B122-54294AABF912};Step;Selection Coordinator;Selection Coordinator;2021-03-18-01.32.37;;{E0BAC726-36D9-4BAB-A0AF-35478A5E9F93};dadmin;;2021-03-18-01.31.38;{B0BE4278-0100-C3FF-8152-AAE9293EFC42};Selection Coordinator;18/03/2021 01:31:38;18/03/2021 01:32:37;Workflow;PQ_Manager
COMPLETED;;{00704378-0000-CBCF-A3C8-3D3AF825B787}_-2_2_C77CFE148D3FF14B98FC74943A0CE1E4;;{F06F4378-0000-CF94-AD55-658D6D6C7A7B};Step;Revision & Dispatching;Revision & Dispatching;2021-03-18-04.46.16;Dispatch;{E0BAC726-36D9-4BAB-A0AF-35478A5E9F93};dadmin;;2021-03-18-04.45.38;{00704378-0000-CBCF-A3C8-3D3AF825B787};Revision & Dispatching;18/03/2021 04:45:38;18/03/2021 04:46:16;Workflow;Inbox
COMPLETED;;{F0775275-0100-C63A-B821-2CD0CD6A42FE}_-2_2_FBBB0308C5C1D643B17BFAA69A8CF116;;{E0775275-0000-CA1E-B95C-C37FBB7D3821};Step;Revision & Dispatching;Revision & Dispatching;2020-10-23-00.40.47;Dispatch;{E0BAC726-36D9-4BAB-A0AF-35478A5E9F93};dadmin;;2020-10-23-00.40.23;{F0775275-0100-C63A-B821-2CD0CD6A42FE};Revision & Dispatching;23/10/2020 12:40:23;23/10/2020 12:40:47;Workflow;Inbox
COMPLETED;;{20786D74-0100-C69C-B8F1-7D9EC81F5411}_-2_1_108BC6ED281BBE4499CD15ED40AA0E4A;;{20786D74-0000-C71F-A2BA-22A0E42083B9};Step;Selection Coordinator;Selection Coordinator;2020-09-29-18.02.02;;{E0BAC726-36D9-4BAB-A0AF-35478A5E9F93};dadmin;;2020-09-08-13.27.04;{20786D74-0100-C69C-B8F1-7D9EC81F5411};Selection Coordinator;08/09/2020 01:27:04;29/09/2020 06:02:02;Workflow;PQ_Manager
COMPLETED;PQ_GenericQuestion_000000290001;{60E96F75-0100-CA22-A969-6FB7A878F34D}_-2_2_C7037673E717EE4FA4373DDD86A8D8F5;HR;{50E96F75-0000-C310-BA7D-1D4AA617BCF2};Step;Revision & Dispatching;Revision & Dispatching;2020-10-28-16.54.25;Dispatch;{E0BAC726-36D9-4BAB-A0AF-35478A5E9F93};dadmin;;2020-10-28-16.53.48;{60E96F75-0100-CA22-A969-6FB7A878F34D};Revision & Dispatching;28/10/2020 04:53:48;28/10/2020 04:54:25;Workflow;Inbox
COMPLETED;;{90629972-0100-CC4C-94F3-E9CAAF887772}_-2_1_EF8200A14F5EF842B04E0FF1BE52A859;;{90629972-0000-C912-86A3-FCCBFDEB9594};Step;Selection Coordinator;Selection Coordinator;2020-06-09-16.01.44;;{E0BAC726-36D9-4BAB-A0AF-35478A5E9F93};dadmin;;2020-06-09-16.01.17;{90629972-0100-CC4C-94F3-E9CAAF887772};Selection Coordinator;09/06/2020 04:01:17;09/06/2020 04:01:44;Workflow;PQ_Manager
COMPLETED;PQ_GenericQuestion_000000410001;{50C1BA7B-0200-C95E-BA7E-C19523B7CCE0}_-2_1_C623101B2425D74DA55AFAC750E061BB;HR;{50C1BA7B-0000-CCBD-BB36-9D7BAB37D8BD};Step;Selection Coordinator;Selection Coordinator;2021-09-06-13.00.46;;{E0BAC726-36D9-4BAB-A0AF-35478A5E9F93};dadmin;;2021-09-06-12.57.17;{50C1BA7B-0200-C95E-BA7E-C19523B7CCE0};Selection Coordinator;06/09/2021 12:57:17;06/09/2021 01:00:46;Workflow;PQ_Manager
COMPLETED;PQ_GenericQuestion_000000330020;{30D84478-0100-C6F6-8EDE-37265E066194}_-2_1_DCEDFEE0871102469C0A27C7CD3C60BB;HR;{30D84478-0000-CB98-B320-7C485AB79881};Step;Selection Coordinator;Selection Coordinator;2021-03-18-11.19.02;;{E0BAC726-36D9-4BAB-A0AF-35478A5E9F93};dadmin;;2021-03-18-11.18.46;{30D84478-0100-C6F6-8EDE-37265E066194};Selection Coordinator;18/03/2021 11:18:46;18/03/2021 11:19:02;Workflow;PQ_Manager
COMPLETED;;{009C0372-0000-C410-941C-A8942D430A9D}_-2_1_5D484F7608058644A2FA80F84DDC261B;;{809B0372-0000-CF11-9876-8786D6F77A40};Step;Selection Coordinator;Selection Coordinator;2020-06-09-12.44.31;;{E0BAC726-36D9-4BAB-A0AF-35478A5E9F93};dadmin;;2020-05-11-14.00.57;{009C0372-0000-C410-941C-A8942D430A9D};Selection Coordinator;11/05/2020 02:00:57;09/06/2020 12:44:31;Workflow;PQ_Manager
COMPLETED;PQ_GenericQuestion_000000330022;{B0E04478-0100-C7C0-8B1E-FF814A1E3C71}_-2_1_BCC863128C36AF4B93FBAACB48C79C73;HR;{B0E04478-0000-CB91-AA9D-FD0F97E06307};Step;Selection Coordinator;Selection Coordinator;2021-03-18-12.03.12;;{E0BAC726-36D9-4BAB-A0AF-35478A5E9F93};dadmin;;2021-03-18-11.28.02;{B0E04478-0100-C7C0-8B1E-FF814A1E3C71};Selection Coordinator;18/03/2021 11:28:02;18/03/2021 12:03:12;Workflow;PQ_Manager
COMPLETED;;{A012A86E-0100-CE68-B1AA-E350126E1F37}_-2_1_457CAFDD4F27154FB578E3741874162B;;{A012A86E-0000-CA1F-B215-5365AD865F11};Step;Selection Coordinator;Selection Coordinator;2019-11-26-08.17.35;;{E0BAC726-36D9-4BAB-A0AF-35478A5E9F93};dadmin;;2019-11-26-08.17.06;{A012A86E-0100-CE68-B1AA-E350126E1F37};Selection Coordinator;26/11/2019 03:17:06;26/11/2019 03:17:35;Workflow;PQ_Manager
COMPLETED;;{308A4478-0100-CEF8-9237-D28FE1C70D49}_-2_2_07E3989CD8A71A4092566CB592E0DE28;;{308A4478-0000-CB98-AD00-EF698AA3D457};Step;Revision & Dispatching;Revision & Dispatching;2021-03-18-10.02.51;Dispatch;{E0BAC726-36D9-4BAB-A0AF-35478A5E9F93};dadmin;;2021-03-18-09.54.59;{308A4478-0100-CEF8-9237-D28FE1C70D49};Revision & Dispatching;18/03/2021 09:54:59;18/03/2021 10:02:51;Workflow;Inbox
COMPLETED;;{90DC797C-0100-CB86-8F81-24418B2214B0}_-2_1_2657C3B8CDF7044996CF21EAEC567D4A;;{80DC797C-0000-CA23-8645-2D0FE1D73B2C};Step;Selection Coordinator;Selection Coordinator;2021-10-13-15.36.27;;{E0BAC726-36D9-4BAB-A0AF-35478A5E9F93};dadmin;;2021-10-13-15.34.32;{90DC797C-0100-CB86-8F81-24418B2214B0};Selection Coordinator;13/10/2021 03:34:32;13/10/2021 03:36:27;Workflow;PQ_Manager
COMPLETED;PQ_GenericQuestion_000000320003;{10E13B78-0100-CC3B-8233-18DF07F3ABF3}_-2_1_53DDE3CB2F4B4F4BB6BFFDE20F52D83C;HR;{10E13B78-0000-CB1C-A675-1AB162461B51};Step;Selection Coordinator;Selection Coordinator;2021-03-16-17.32.13;;{E0BAC726-36D9-4BAB-A0AF-35478A5E9F93};dadmin;;2021-03-16-17.31.52;{10E13B78-0100-CC3B-8233-18DF07F3ABF3};Selection Coordinator;16/03/2021 05:31:52;16/03/2021 05:32:13;Workflow;PQ_Manager
COMPLETED;PQ_GenericQuestion_000000170001;{F0DC3D70-0000-CB13-8E25-BB7E0AED2573}_-2_2_E35D45A21572CE4980AE2DDE580F4B77;HR;{70DC3D70-0000-C012-82DD-E55405A03293};Step;Revision & Dispatching;Revision & Dispatching;2020-06-09-12.41.10;Dispatch;{E0BAC726-36D9-4BAB-A0AF-35478A5E9F93};dadmin;1930;2020-02-13-11.00.53;{F0DC3D70-0000-CB13-8E25-BB7E0AED2573};Revision & Dispatching;13/02/2020 11:00:53;09/06/2020 12:41:10;Workflow;Inbox
COMPLETED;;{50E04478-0100-CDFF-9FA5-B764ED9BFBC1}_-2_2_0317BB021FD95F49B1A6EB044221B5E3;;{50E04478-0000-C297-A920-CCE28AC2520B};Step;Revision & Dispatching;Revision & Dispatching;2021-03-18-11.37.06;Dispatch;{E0BAC726-36D9-4BAB-A0AF-35478A5E9F93};dadmin;;2021-03-18-11.30.43;{50E04478-0100-CDFF-9FA5-B764ED9BFBC1};Revision & Dispatching;18/03/2021 11:30:43;18/03/2021 11:37:06;Workflow;Inbox
COMPLETED;PQ_GenericQuestion_000000370002;{E0635779-0100-C4F0-B6C2-2D7FBCFB16A5}_-2_1_275C7378FBE1C64481906C1D0D69EAA0;HR;{E0635779-0000-CF9B-94EE-3F7BCDE52C29};Step;Selection Coordinator;Selection Coordinator;2021-07-06-11.15.42;;{E0BAC726-36D9-4BAB-A0AF-35478A5E9F93};dadmin;;2021-05-10-19.47.17;{E0635779-0100-C4F0-B6C2-2D7FBCFB16A5};Selection Coordinator;10/05/2021 07:47:17;06/07/2021 11:15:42;Workflow;PQ_Manager
COMPLETED;;{20ADBF7B-0200-C92D-9197-15CA41BD0162}_-2_2_4A53D34C427C7548B3470AF345D7541E;;{20ADBF7B-0000-C497-90B8-977B229D1A6F};Step;Revision & Dispatching;Revision & Dispatching;2021-09-07-12.10.28;Dispatch;{E0BAC726-36D9-4BAB-A0AF-35478A5E9F93};dadmin;;2021-09-07-11.54.36;{20ADBF7B-0200-C92D-9197-15CA41BD0162};Revision & Dispatching;07/09/2021 11:54:36;07/09/2021 12:10:28;Workflow;Inbox
COMPLETED;;{D084DE74-0100-C53E-A90B-8F550E8EA046}_-2_2_07D06C6B2D63904281D7DF133B843AE7;;{D084DE74-0000-CE1B-AD2F-892629F8783B};Step;Revision & Dispatching;Revision & Dispatching;2020-09-30-12.18.36;Dispatch;{E0BAC726-36D9-4BAB-A0AF-35478A5E9F93};dadmin;;2020-09-30-12.18.22;{D084DE74-0100-C53E-A90B-8F550E8EA046};Revision & Dispatching;30/09/2020 12:18:22;30/09/2020 12:18:36;Workflow;Inbox
COMPLETED;;{B0B4C07B-0200-CE0B-9A0C-6E1B3A3E9D62}_-2_1_E7A9DB19738C3743B998550F2FE53551;;{B0B4C07B-0000-C29D-A5FB-0F89157E5952};Step;Selection Coordinator;Selection Coordinator;2021-10-02-13.52.21;;{E0BAC726-36D9-4BAB-A0AF-35478A5E9F93};dadmin;;2021-09-07-16.41.13;{B0B4C07B-0200-CE0B-9A0C-6E1B3A3E9D62};Selection Coordinator;07/09/2021 04:41:13;02/10/2021 01:52:21;Workflow;PQ_Manager
COMPLETED;;{8001496E-0100-C236-8157-D8A650B0F369}_-2_2_15AB14E4BE92FB42A59850DD44843405;;{8001496E-0000-C41B-9CB1-5F2E041974BA};Step;Revision & Dispatching;Revision & Dispatching;2019-11-07-21.16.40;Dispatch;{E0BAC726-36D9-4BAB-A0AF-35478A5E9F93};dadmin;;2019-11-07-21.15.09;{8001496E-0100-C236-8157-D8A650B0F369};Revision & Dispatching;08/11/2019 04:15:09;08/11/2019 04:16:40;Workflow;Inbox
COMPLETED;;{A031B178-0100-CFFB-9E7F-CFB8E9F1152D}_-2_2_4332992C88173343B7876CA08FEDFE3F;;{A031B178-0000-C09C-9791-D20BDD7F1BDF};Step;Revision & Dispatching;Revision & Dispatching;2021-04-08-13.59.31;Dispatch;{E0BAC726-36D9-4BAB-A0AF-35478A5E9F93};dadmin;;2021-04-08-13.59.09;{A031B178-0100-CFFB-9E7F-CFB8E9F1152D};Revision & Dispatching;08/04/2021 01:59:09;08/04/2021 01:59:31;Workflow;Inbox
FAILED;;{10424078-0100-CE65-B675-0B8A01D20F71}_-2_2_BA2AA7239154DD4FB6C5FFD93D8EE9BD;;{10424078-0000-CC16-8E22-2690004520E8};Step;Revision & Dispatching;Revision & Dispatching;2021-03-17-14.25.41;;{E0BAC726-36D9-4BAB-A0AF-35478A5E9F93};dadmin;;2021-03-17-14.25.41;{10424078-0100-CE65-B675-0B8A01D20F71};Revision & Dispatching;17/03/2021 02:25:41;17/03/2021 02:25:41;Workflow;Inbox
COMPLETED;PQ_GenericQuestion_000000140003;{D0ADCB6E-0100-C538-B7DE-8B954C638FB2}_-2_1_19771923A21D9D4ABE8A130EF0D12A69;HR;{D0ADCB6E-0000-C919-A016-40C6CF7ACFAF};Step;Selection Coordinator;Selection Coordinator;2019-12-03-06.13.35;;{E0BAC726-36D9-4BAB-A0AF-35478A5E9F93};dadmin;;2019-12-03-06.13.19;{D0ADCB6E-0100-C538-B7DE-8B954C638FB2};Selection Coordinator;03/12/2019 01:13:19;03/12/2019 01:13:35;Workflow;PQ_Manager
COMPLETED;;{D0ADCB6E-0100-C538-B7DE-8B954C638FB2}_-2_2_19771923A21D9D4ABE8A130EF0D12A69;;{D0ADCB6E-0000-C919-A016-40C6CF7ACFAF};Step;Revision & Dispatching;Revision & Dispatching;2019-12-03-06.13.52;Dispatch;{E0BAC726-36D9-4BAB-A0AF-35478A5E9F93};dadmin;;2019-12-03-06.13.36;{D0ADCB6E-0100-C538-B7DE-8B954C638FB2};Revision & Dispatching;03/12/2019 01:13:36;03/12/2019 01:13:52;Workflow;Inbox
COMPLETED;;{40459972-0100-CE3A-B917-F8C23B671953}_-2_1_BD91A1E94595684DB9BBCE41AD1EB21A;;{40459972-0000-C71E-8D65-074715B48CEB};Step;Selection Coordinator;Selection Coordinator;2020-06-09-15.58.32;;{E0BAC726-36D9-4BAB-A0AF-35478A5E9F93};dadmin;;2020-06-09-15.29.15;{40459972-0100-CE3A-B917-F8C23B671953};Selection Coordinator;09/06/2020 03:29:15;09/06/2020 03:58:32;Workflow;PQ_Manager
COMPLETED;;{803B6670-0000-C613-9B2E-F5A253F720DB}_-2_1_B63FDB239F9C11499410FB5986DC0F12;;{103B6670-0000-CB1E-9463-4A04826372F9};Step;Selection Coordinator;Selection Coordinator;2020-02-21-06.33.04;;{E0BAC726-36D9-4BAB-A0AF-35478A5E9F93};admin;;2020-02-21-06.32.24;{803B6670-0000-C613-9B2E-F5A253F720DB};Selection Coordinator;21/02/2020 06:32:24;21/02/2020 06:33:04;Workflow;PQ_Manager
COMPLETED;;{603D4378-0100-C2F1-A499-4484D35A42D5}_-2_2_028433B4AD50114B98A7AF6354AB99EB;;{603D4378-0000-C297-A0FA-AC9A51EC8CD3};Step;Revision & Dispatching;Revision & Dispatching;2021-03-18-03.51.30;Dispatch;{E0BAC726-36D9-4BAB-A0AF-35478A5E9F93};dadmin;;2021-03-18-03.51.17;{603D4378-0100-C2F1-A499-4484D35A42D5};Revision & Dispatching;18/03/2021 03:51:17;18/03/2021 03:51:30;Workflow;Inbox
FAILED;;{60DF407C-0200-C356-B747-2AAB8C2C096F}_-2_2_A4A3784EC6F83A4B9920B3577DA3E255;;{60DF407C-0000-CE96-9561-D6C0B3E27867};Step;Revision & Dispatching;Revision & Dispatching;2021-10-02-13.59.52;;{E0BAC726-36D9-4BAB-A0AF-35478A5E9F93};dadmin;;2021-10-02-13.59.52;{60DF407C-0200-C356-B747-2AAB8C2C096F};Revision & Dispatching;02/10/2021 01:59:52;02/10/2021 01:59:52;Workflow;Inbox
COMPLETED;PQ_GenericQuestion_000000270002;{C0915275-0100-CE33-8B8F-92A7F91FE661}_-2_2_E1DAF6BC9B03AA40AEFFA6675A7E264B;HR;{C0915275-0000-C218-9A9D-F49EF2B70DDB};Step;Revision & Dispatching;Revision & Dispatching;2020-10-23-01.08.35;Dispatch;{E0BAC726-36D9-4BAB-A0AF-35478A5E9F93};dadmin;;2020-10-23-01.08.23;{C0915275-0100-CE33-8B8F-92A7F91FE661};Revision & Dispatching;23/10/2020 01:08:23;23/10/2020 01:08:35;Workflow;Inbox
COMPLETED;;{C0915275-0100-CE33-8B8F-92A7F91FE661}_-2_1_E1DAF6BC9B03AA40AEFFA6675A7E264B;;{C0915275-0000-C218-9A9D-F49EF2B70DDB};Step;Selection Coordinator;Selection Coordinator;2020-10-23-01.08.22;;{E0BAC726-36D9-4BAB-A0AF-35478A5E9F93};dadmin;;2020-10-23-01.08.06;{C0915275-0100-CE33-8B8F-92A7F91FE661};Selection Coordinator;23/10/2020 01:08:06;23/10/2020 01:08:22;Workflow;PQ_Manager
COMPLETED;;{90F2BF7B-0000-C28F-B2E0-5992A82813BD}_-2_1_84344CC3FC334047B1EDFDEE852907B9;;{80F2BF7B-0000-C1D0-B5B2-EF913098CAEA};Step;Selection Coordinator;Selection Coordinator;2021-10-02-14.02.19;;{E0BAC726-36D9-4BAB-A0AF-35478A5E9F93};dadmin;;2021-09-07-13.09.11;{90F2BF7B-0000-C28F-B2E0-5992A82813BD};Selection Coordinator;07/09/2021 01:09:11;02/10/2021 02:02:19;Workflow;PQ_Manager
COMPLETED;;{70E0407C-0100-CFF9-8441-B162DF5BA491}_-2_1_F35CC721F9517F47809C16C3052C4F0F;;{70E0407C-0000-C89C-8CCE-CA9BA045C546};Step;Selection Coordinator;Selection Coordinator;2021-10-02-14.00.40;;{E0BAC726-36D9-4BAB-A0AF-35478A5E9F93};dadmin;;2021-10-02-14.00.24;{70E0407C-0100-CFF9-8441-B162DF5BA491};Selection Coordinator;02/10/2021 02:00:24;02/10/2021 02:00:40;Workflow;PQ_Manager
COMPLETED;;{B04D4A6E-0100-C832-BABF-F24DD08BFCF6}_-2_1_943B4DB9C4A0E74FAA4062CE2FB6348F;;{B04D4A6E-0000-C616-BD9C-BB0647476F8C};Step;Selection Coordinator;Selection Coordinator;2019-11-08-03.19.17;;{E0BAC726-36D9-4BAB-A0AF-35478A5E9F93};dadmin;;2019-11-08-03.17.20;{B04D4A6E-0100-C832-BABF-F24DD08BFCF6};Selection Coordinator;08/11/2019 10:17:20;08/11/2019 10:19:17;Workflow;PQ_Manager
COMPLETED;;{3031B178-0100-C4F2-A089-E1B466F4CE78}_-2_1_85F835E3AC42084F9D4088C5F7B2DD6D;;{3031B178-0000-C292-9CB8-AB5FA9AD5401};Step;Selection Coordinator;Selection Coordinator;2021-04-08-13.57.42;;{E0BAC726-36D9-4BAB-A0AF-35478A5E9F93};dadmin;;2021-04-08-13.14.58;{3031B178-0100-C4F2-A089-E1B466F4CE78};Selection Coordinator;08/04/2021 01:14:58;08/04/2021 01:57:42;Workflow;PQ_Manager
COMPLETED;;{0015496E-0100-C13E-8765-916D91F6216F}_-2_2_DD20CCC72CCC7B4B9AAD6440024D9966;;{0015496E-0000-CD13-A48C-86313EF8CB9F};Step;Revision & Dispatching;Revision & Dispatching;2019-11-07-21.36.17;Dispatch;{E0BAC726-36D9-4BAB-A0AF-35478A5E9F93};dadmin;;2019-11-07-21.36.02;{0015496E-0100-C13E-8765-916D91F6216F};Revision & Dispatching;08/11/2019 04:36:02;08/11/2019 04:36:17;Workflow;Inbox
COMPLETED;;{90F2BF7B-0900-CCBA-89FE-A02BF41483AF}_-2_1_4C24E2DFDDD43843AC4DB4104EBE0AA9;;{90F2BF7B-0800-CE59-8B08-BD7E4BF535DE};Step;Selection Coordinator;Selection Coordinator;2021-09-07-13.09.51;;{E0BAC726-36D9-4BAB-A0AF-35478A5E9F93};dadmin;;2021-09-07-13.09.15;{90F2BF7B-0900-CCBA-89FE-A02BF41483AF};Selection Coordinator;07/09/2021 01:09:15;07/09/2021 01:09:51;Workflow;PQ_Manager
COMPLETED;;{E03C6670-0100-C434-ADD0-6407CE2012A7}_-2_1_0BB29BEC98F0884999E798B4563BA8A4;;{E03C6670-0000-C914-9AFD-B018C187FDAB};Step;Selection Coordinator;Selection Coordinator;2020-02-21-12.18.43;;{E0BAC726-36D9-4BAB-A0AF-35478A5E9F93};dadmin;;2020-02-21-06.33.52;{E03C6670-0100-C434-ADD0-6407CE2012A7};Selection Coordinator;21/02/2020 06:33:52;21/02/2020 12:18:43;Workflow;PQ_Manager
COMPLETED;;{A06F4078-0100-C634-A66A-132EBCBF63A9}_-2_2_CBCA99860013B14E8D4185AD9442C913;;{A06F4078-0000-CC17-8C67-4893C262F2B9};Step;Revision & Dispatching;Revision & Dispatching;2021-03-18-01.26.31;Dispatch;{E0BAC726-36D9-4BAB-A0AF-35478A5E9F93};dadmin;;2021-03-18-01.23.20;{A06F4078-0100-C634-A66A-132EBCBF63A9};Revision & Dispatching;18/03/2021 01:23:20;18/03/2021 01:26:31;Workflow;Inbox
COMPLETED;;{A0D72E70-0100-CF32-A5CA-47EEF8A121CC}_-2_2_C707901300A2D54A88E5D138465488B0;;{A0D72E70-0000-C213-B58D-2FCA1B46E96C};Step;Revision & Dispatching;Revision & Dispatching;2020-02-10-15.34.17;Dispatch;{E0BAC726-36D9-4BAB-A0AF-35478A5E9F93};dadmin;;2020-02-10-15.26.35;{A0D72E70-0100-CF32-A5CA-47EEF8A121CC};Revision & Dispatching;10/02/2020 03:26:35;10/02/2020 03:34:17;Workflow;Inbox
COMPLETED;;{B042AC7B-0100-C8F0-917B-3510876D88B3}_-2_2_DF7A4F7ABF4A4040B38A32A0EAD5E013;;{B042AC7B-0000-C79E-B5FF-A460EB50E3B2};Step;Revision & Dispatching;Revision & Dispatching;2021-09-07-10.47.26;Dispatch;{E0BAC726-36D9-4BAB-A0AF-35478A5E9F93};dadmin;;2021-09-06-15.30.53;{B042AC7B-0100-C8F0-917B-3510876D88B3};Revision & Dispatching;06/09/2021 03:30:53;07/09/2021 10:47:26;Workflow;Inbox
COMPLETED;;{70F2BF7B-0100-C9F8-A4D4-F827B87DA03D}_-2_1_1D64ABC6D08E0C4293FF03F9435FF5DA;;{70F2BF7B-0000-C298-9208-6A22821CB3E4};Step;Selection Coordinator;Selection Coordinator;2021-09-07-13.37.33;;{E0BAC726-36D9-4BAB-A0AF-35478A5E9F93};dadmin;;2021-09-07-13.09.05;{70F2BF7B-0100-C9F8-A4D4-F827B87DA03D};Selection Coordinator;07/09/2021 01:09:05;07/09/2021 01:37:33;Workflow;PQ_Manager
COMPLETED;;{E07CB178-0200-CCBC-AACE-DF19329DF099}_-2_2_E8E096AD0580654D80A37163931F4671;;{E07CB178-0100-CC5E-9B10-147873AC4611};Step;Revision & Dispatching;Revision & Dispatching;2021-06-02-12.08.11;Dispatch;{E0BAC726-36D9-4BAB-A0AF-35478A5E9F93};dadmin;;2021-06-02-12.07.14;{E07CB178-0200-CCBC-AACE-DF19329DF099};Revision & Dispatching;02/06/2021 12:07:14;02/06/2021 12:08:11;Workflow;Inbox
COMPLETED;;{F0D03B78-0100-CB68-A4CE-328FD0509108}_-2_1_0B51648DFF276041988C45A20960989A;;{F0D03B78-0000-C31E-8F44-E7AF9D0422D8};Step;Selection Coordinator;Selection Coordinator;2021-03-16-17.14.36;;{E0BAC726-36D9-4BAB-A0AF-35478A5E9F93};dadmin;;2021-03-16-17.14.13;{F0D03B78-0100-CB68-A4CE-328FD0509108};Selection Coordinator;16/03/2021 05:14:13;16/03/2021 05:14:36;Workflow;PQ_Manager
COMPLETED;;{C07CB178-0100-C5FF-8F2A-41F6AA43C2E0}_-2_2_79F60197895A184F99A4E3A69DA799B5;;{C07CB178-0000-C694-9218-7C3556493B3F};Step;Revision & Dispatching;Revision & Dispatching;2021-07-14-07.23.43;Dispatch;{E0BAC726-36D9-4BAB-A0AF-35478A5E9F93};dadmin;;2021-07-06-11.15.17;{C07CB178-0100-C5FF-8F2A-41F6AA43C2E0};Revision & Dispatching;06/07/2021 11:15:17;14/07/2021 07:23:43;Workflow;Inbox
COMPLETED;;{30D84478-0100-C6F6-8EDE-37265E066194}_-2_2_DCEDFEE0871102469C0A27C7CD3C60BB;;{30D84478-0000-CB98-B320-7C485AB79881};Step;Revision & Dispatching;Revision & Dispatching;2021-03-18-11.19.14;Dispatch;{E0BAC726-36D9-4BAB-A0AF-35478A5E9F93};dadmin;;2021-03-18-11.19.02;{30D84478-0100-C6F6-8EDE-37265E066194};Revision & Dispatching;18/03/2021 11:19:02;18/03/2021 11:19:14;Workflow;Inbox
COMPLETED;;{5031B178-0200-C054-A622-45CB6AAB0A4F}_-2_2_A85AB95247F0F14B9B85F75AA68726E2;;{5031B178-0000-CFFD-9DE9-1ED816EAB4A6};Step;Revision & Dispatching;Revision & Dispatching;2021-04-08-13.59.23;Dispatch;{E0BAC726-36D9-4BAB-A0AF-35478A5E9F93};dadmin;;2021-04-08-13.57.53;{5031B178-0200-C054-A622-45CB6AAB0A4F};Revision & Dispatching;08/04/2021 01:57:53;08/04/2021 01:59:23;Workflow;Inbox
COMPLETED;;{00655779-0200-C33B-B14D-6F499DAD2203}_-2_1_B1F1B495E11B4C47837E10F91C2D7EC9;;{00655779-0000-CED1-9D82-2348B87A042F};Step;Selection Coordinator;Selection Coordinator;2021-07-06-11.15.02;;{E0BAC726-36D9-4BAB-A0AF-35478A5E9F93};dadmin;;2021-05-10-19.48.30;{00655779-0200-C33B-B14D-6F499DAD2203};Selection Coordinator;10/05/2021 07:48:30;06/07/2021 11:15:02;Workflow;PQ_Manager
COMPLETED;;{80694078-0100-CF3B-8F67-983722D173EE}_-2_2_2D45DC6FF9A74A419BB49417355009AE;;{80694078-0000-CE15-866C-C1542BA84F36};Step;Revision & Dispatching;Revision & Dispatching;2021-03-18-01.26.19;Dispatch;{E0BAC726-36D9-4BAB-A0AF-35478A5E9F93};dadmin;;2021-03-18-01.25.32;{80694078-0100-CF3B-8F67-983722D173EE};Revision & Dispatching;18/03/2021 01:25:32;18/03/2021 01:26:19;Workflow;Inbox
COMPLETED;;{00D44278-0100-CAFC-BC06-0F18068FC820}_-2_2_F7EAA9A5BAA92543A9E9509D260DC11E;;{00D44278-0000-C498-9B7B-D0FA02492A1F};Step;Revision & Dispatching;Revision & Dispatching;2021-03-18-01.55.36;Dispatch;{E0BAC726-36D9-4BAB-A0AF-35478A5E9F93};dadmin;;2021-03-18-01.55.14;{00D44278-0100-CAFC-BC06-0F18068FC820};Revision & Dispatching;18/03/2021 01:55:14;18/03/2021 01:55:36;Workflow;Inbox
COMPLETED;;{B0E04478-0100-C7C0-8B1E-FF814A1E3C71}_-2_2_BCC863128C36AF4B93FBAACB48C79C73;;{B0E04478-0000-CB91-AA9D-FD0F97E06307};Step;Revision & Dispatching;Revision & Dispatching;2021-03-18-12.03.25;Dispatch;{E0BAC726-36D9-4BAB-A0AF-35478A5E9F93};dadmin;;2021-03-18-12.03.12;{B0E04478-0100-C7C0-8B1E-FF814A1E3C71};Revision & Dispatching;18/03/2021 12:03:12;18/03/2021 12:03:25;Workflow;Inbox
COMPLETED;;{5041486E-0100-CD31-B0E2-7D5B2AC9B056}_-2_2_7445BE43C6D497469F231C3EF70F6669;;{5041486E-0000-C214-904B-E19CE3B60182};Step;Revision & Dispatching;Revision & Dispatching;2019-11-07-17.45.14;Dispatch;{E0BAC726-36D9-4BAB-A0AF-35478A5E9F93};dadmin;;2019-11-07-17.44.58;{5041486E-0100-CD31-B0E2-7D5B2AC9B056};Revision & Dispatching;08/11/2019 12:44:58;08/11/2019 12:45:14;Workflow;Inbox
INITIATED;;{302C4378-0100-C0FB-9ADD-BEEC200E9B13}_-4_1_59B18396A73372458B890DC6F67BFAAC;;{302C4378-0000-C997-9807-D954CDFC50EF};Step;Review;Review;9999-12-31-23.59.59;;{E0BAC726-36D9-4BAB-A0AF-35478A5E9F93};dadmin;;2021-03-18-03.31.28;{302C4378-0100-C0FB-9ADD-BEEC200E9B13};Review;18/03/2021 03:31:28;31/12/9999 11:59:59;Malfunction;Conductor
COMPLETED;;{7035A47A-0100-CAC0-BCEC-F08D996C852B}_-2_2_A771B570DC254D4A801FC84AB6D9383B;;{7035A47A-0000-C499-93C0-24AAFC0C72E1};Step;Revision & Dispatching;Revision & Dispatching;2021-08-02-14.10.36;Dispatch;{E0BAC726-36D9-4BAB-A0AF-35478A5E9F93};dadmin;;2021-07-14-10.52.34;{7035A47A-0100-CAC0-BCEC-F08D996C852B};Revision & Dispatching;14/07/2021 10:52:34;02/08/2021 02:10:36;Workflow;Inbox
COMPLETED;;{F0DC3D70-0000-CB13-8E25-BB7E0AED2573}_-2_1_E35D45A21572CE4980AE2DDE580F4B77;;{70DC3D70-0000-C012-82DD-E55405A03293};Step;Selection Coordinator;Selection Coordinator;2020-02-13-11.00.52;;{E0BAC726-36D9-4BAB-A0AF-35478A5E9F93};dadmin;;2020-02-13-10.24.18;{F0DC3D70-0000-CB13-8E25-BB7E0AED2573};Selection Coordinator;13/02/2020 10:24:18;13/02/2020 11:00:52;Workflow;PQ_Manager
COMPLETED;;{C07B4A6E-0100-C63B-8805-38A55EDA435A}_-2_2_4F421C8CC4D1104B995A88A843E69B53;;{C07B4A6E-0000-C81A-9006-31DD64BC8D18};Step;Revision & Dispatching;Revision & Dispatching;2019-11-08-04.16.41;Dispatch;{E0BAC726-36D9-4BAB-A0AF-35478A5E9F93};dadmin;;2019-11-08-04.14.56;{C07B4A6E-0100-C63B-8805-38A55EDA435A};Revision & Dispatching;08/11/2019 11:14:56;08/11/2019 11:16:41;Workflow;Inbox
COMPLETED;;{E0635779-0100-C4F0-B6C2-2D7FBCFB16A5}_-2_2_275C7378FBE1C64481906C1D0D69EAA0;;{E0635779-0000-CF9B-94EE-3F7BCDE52C29};Step;Revision & Dispatching;Revision & Dispatching;2021-07-14-07.23.33;Dispatch;{E0BAC726-36D9-4BAB-A0AF-35478A5E9F93};dadmin;;2021-07-06-11.15.42;{E0635779-0100-C4F0-B6C2-2D7FBCFB16A5};Revision & Dispatching;06/07/2021 11:15:42;14/07/2021 07:23:33;Workflow;Inbox
COMPLETED;;{00994278-0200-C23D-802A-D520F3F5C1A4}_-2_1_DF87BDE0DD7E0F48AA2DEA6AA1D8DB2E;;{00994278-0000-CB97-972A-AA7925AB60BE};Step;Selection Coordinator;Selection Coordinator;2021-03-18-01.17.54;;{E0BAC726-36D9-4BAB-A0AF-35478A5E9F93};dadmin;;2021-03-18-00.50.28;{00994278-0200-C23D-802A-D520F3F5C1A4};Selection Coordinator;18/03/2021 12:50:28;18/03/2021 01:17:54;Workflow;PQ_Manager
COMPLETED;;{705F4378-0100-C7FB-BD3A-8D7FAED3C4D2}_-2_1_2E1E1C8DEC5EAB4E85D2C8742B5CA592;;{705F4378-0000-C191-92C8-8AD179C49675};Step;Selection Coordinator;Selection Coordinator;2021-03-18-04.27.26;;{E0BAC726-36D9-4BAB-A0AF-35478A5E9F93};dadmin;;2021-03-18-04.27.14;{705F4378-0100-C7FB-BD3A-8D7FAED3C4D2};Selection Coordinator;18/03/2021 04:27:14;18/03/2021 04:27:26;Workflow;PQ_Manager
COMPLETED;;{10E13B78-0100-CC3B-8233-18DF07F3ABF3}_-2_2_53DDE3CB2F4B4F4BB6BFFDE20F52D83C;;{10E13B78-0000-CB1C-A675-1AB162461B51};Step;Revision & Dispatching;Revision & Dispatching;2021-03-16-17.32.22;Dispatch;{E0BAC726-36D9-4BAB-A0AF-35478A5E9F93};dadmin;;2021-03-16-17.32.13;{10E13B78-0100-CC3B-8233-18DF07F3ABF3};Revision & Dispatching;16/03/2021 05:32:13;16/03/2021 05:32:22;Workflow;Inbox
COMPLETED;;{A0F6496E-0100-C36E-84E5-A3A85024D96A}_-2_2_9CB5633746EBF346AC39F1CF9754F7B8;;{A0F6496E-0000-C61A-924D-E4FF1CFDBEB7};Step;Revision & Dispatching;Revision & Dispatching;2019-11-08-01.48.15;Dispatch;{E0BAC726-36D9-4BAB-A0AF-35478A5E9F93};dadmin;;2019-11-08-01.47.02;{A0F6496E-0100-C36E-84E5-A3A85024D96A};Revision & Dispatching;08/11/2019 08:47:02;08/11/2019 08:48:15;Workflow;Inbox
INITIATED;;{10424078-0100-CE65-B675-0B8A01D20F71}_-4_1_BA2AA7239154DD4FB6C5FFD93D8EE9BD;;{10424078-0000-CC16-8E22-2690004520E8};Step;Review;Review;9999-12-31-23.59.59;;{E0BAC726-36D9-4BAB-A0AF-35478A5E9F93};dadmin;;2021-03-17-14.25.41;{10424078-0100-CE65-B675-0B8A01D20F71};Review;17/03/2021 02:25:41;31/12/9999 11:59:59;Malfunction;Conductor
COMPLETED;;{F07B0B7B-0200-C269-8E13-E8B9563C0504}_-2_1_073A8467E10F8D46BD9EB16E27E15A8E;;{F07B0B7B-0000-C296-AA5C-DEF5E401AFAB};Step;Selection Coordinator;Selection Coordinator;2021-09-03-17.13.39;;{E0BAC726-36D9-4BAB-A0AF-35478A5E9F93};dadmin;;2021-08-03-12.08.01;{F07B0B7B-0200-C269-8E13-E8B9563C0504};Selection Coordinator;03/08/2021 12:08:01;03/09/2021 05:13:39;Workflow;PQ_Manager
INITIATED;;{60DF407C-0200-C356-B747-2AAB8C2C096F}_-4_1_A4A3784EC6F83A4B9920B3577DA3E255;;{60DF407C-0000-CE96-9561-D6C0B3E27867};Step;Review;Review;9999-12-31-23.59.59;;{E0BAC726-36D9-4BAB-A0AF-35478A5E9F93};dadmin;;2021-10-02-13.59.52;{60DF407C-0200-C356-B747-2AAB8C2C096F};Review;02/10/2021 01:59:52;31/12/9999 11:59:59;Malfunction;Conductor
CANCELED;PQ_GenericQuestion_000000100004;{C0CECA6D-0100-C031-A768-AD49446FE2A3}_-4_1_6058E02E2198994EAB5149E481D7B8B9;;{C0CECA6D-0000-C61F-A578-B97B122DC8DD};Step;Review;Review;9999-12-31-23.59.59;;{E0BAC726-36D9-4BAB-A0AF-35478A5E9F93};dadmin;;2019-11-07-17.31.44;{C0CECA6D-0100-C031-A768-AD49446FE2A3};Review;08/11/2019 12:31:44;01/01/10000 06:59:59;Malfunction;Conductor
COMPLETED;;{C04B4378-0100-CBFD-A956-DDA39D4B1D57}_-2_1_9ABCE697AD7FF449B2C6F98BDDC3A417;;{C04B4378-0000-C19E-9D56-FEFD1BBB64E5};Step;Selection Coordinator;Selection Coordinator;2021-03-18-04.06.01;;{E0BAC726-36D9-4BAB-A0AF-35478A5E9F93};dadmin;;2021-03-18-04.05.43;{C04B4378-0100-CBFD-A956-DDA39D4B1D57};Selection Coordinator;18/03/2021 04:05:43;18/03/2021 04:06:01;Workflow;PQ_Manager
COMPLETED;;{60E96F75-0100-CA22-A969-6FB7A878F34D}_-2_1_C7037673E717EE4FA4373DDD86A8D8F5;;{50E96F75-0000-C310-BA7D-1D4AA617BCF2};Step;Selection Coordinator;Selection Coordinator;2020-10-28-16.53.47;;{E0BAC726-36D9-4BAB-A0AF-35478A5E9F93};dadmin;;2020-10-28-16.52.47;{60E96F75-0100-CA22-A969-6FB7A878F34D};Selection Coordinator;28/10/2020 04:52:47;28/10/2020 04:53:47;Workflow;PQ_Manager
COMPLETED;;{E0645779-0100-CEF9-9959-BA5745ED8F94}_-2_1_DAB78C7724B1EA439B01A7D351DA4206;;{E0645779-0000-C292-B410-FBD2D32F10F2};Step;Selection Coordinator;Selection Coordinator;2021-08-02-14.26.02;;{E0BAC726-36D9-4BAB-A0AF-35478A5E9F93};dadmin;;2021-05-10-19.48.23;{E0645779-0100-CEF9-9959-BA5745ED8F94};Selection Coordinator;10/05/2021 07:48:23;02/08/2021 02:26:02;Workflow;PQ_Manager
COMPLETED;;{C0B4C07B-0200-CA37-A629-A64ED5A3D495}_-2_2_1852DBDFCBC8AE4D986F0B0DFBF0950E;;{C0B4C07B-0000-C19A-ABA9-3D826AE9BA30};Step;Revision & Dispatching;Revision & Dispatching;2021-09-07-16.48.49;Dispatch;{E0BAC726-36D9-4BAB-A0AF-35478A5E9F93};dadmin;;2021-09-07-16.48.11;{C0B4C07B-0200-CA37-A629-A64ED5A3D495};Revision & Dispatching;07/09/2021 04:48:11;07/09/2021 04:48:49;Workflow;Inbox
COMPLETED;;{70995275-0100-CB36-ADB5-C116BDFB6F43}_-2_1_A33F0F6DEF0FB249B10DE04B03C083BF;;{70995275-0000-CD16-A1C7-A28C1F587DDE};Step;Selection Coordinator;Selection Coordinator;2020-10-23-01.16.48;;{E0BAC726-36D9-4BAB-A0AF-35478A5E9F93};dadmin;;2020-10-23-01.16.30;{70995275-0100-CB36-ADB5-C116BDFB6F43};Selection Coordinator;23/10/2020 01:16:30;23/10/2020 01:16:48;Workflow;PQ_Manager
COMPLETED;;{50C1BA7B-0200-C95E-BA7E-C19523B7CCE0}_-2_2_C623101B2425D74DA55AFAC750E061BB;;{50C1BA7B-0000-CCBD-BB36-9D7BAB37D8BD};Step;Revision & Dispatching;Revision & Dispatching;2021-09-07-10.47.12;Dispatch;{E0BAC726-36D9-4BAB-A0AF-35478A5E9F93};dadmin;;2021-09-06-13.00.47;{50C1BA7B-0200-C95E-BA7E-C19523B7CCE0};Revision & Dispatching;06/09/2021 01:00:47;07/09/2021 10:47:12;Workflow;Inbox
COMPLETED;;{5001A47A-0100-C3FA-931F-67C6C6F3C70F}_-2_1_074AD4307A7D604BB05B507269CD7CCD;;{5001A47A-0000-C991-8657-5146DB1B5150};Step;Selection Coordinator;Selection Coordinator;2021-07-14-09.54.06;;{E0BAC726-36D9-4BAB-A0AF-35478A5E9F93};dadmin;;2021-07-14-09.53.10;{5001A47A-0100-C3FA-931F-67C6C6F3C70F};Selection Coordinator;14/07/2021 09:53:10;14/07/2021 09:54:06;Workflow;PQ_Manager
COMPLETED;;{C0522C75-0100-C0BF-8844-136E5522730B}_-2_2_3EF7B8EDF9F10A4A933BB2F14D2A7658;;{C0522C75-0000-C116-986E-9317F56987D8};Step;Revision & Dispatching;Revision & Dispatching;2020-10-15-15.05.06;Dispatch;{E0BAC726-36D9-4BAB-A0AF-35478A5E9F93};dadmin;;2020-10-15-15.04.42;{C0522C75-0100-C0BF-8844-136E5522730B};Revision & Dispatching;15/10/2020 03:04:42;15/10/2020 03:05:06;Workflow;Inbox
COMPLETED;;{D0234378-0100-C4F3-959D-950F184B16DB}_-2_1_C012A9D0E7E2BD46AAD5DDA5CA221FD4;;{D0234378-0000-CA92-81B4-D0B5D42F9E9D};Step;Selection Coordinator;Selection Coordinator;2021-03-18-03.22.43;;{E0BAC726-36D9-4BAB-A0AF-35478A5E9F93};dadmin;;2021-03-18-03.22.07;{D0234378-0100-C4F3-959D-950F184B16DB};Selection Coordinator;18/03/2021 03:22:07;18/03/2021 03:22:43;Workflow;PQ_Manager
COMPLETED;;{907BA37A-0200-C135-A636-93FB80658B82}_-2_2_488F4F74A4513A4DBC636D8853733852;;{907BA37A-0000-C19B-BA68-CA545F31F504};Step;Revision & Dispatching;Revision & Dispatching;2021-07-14-09.47.08;Dispatch;{E0BAC726-36D9-4BAB-A0AF-35478A5E9F93};dadmin;;2021-07-14-09.41.40;{907BA37A-0200-C135-A636-93FB80658B82};Revision & Dispatching;14/07/2021 09:41:40;14/07/2021 09:47:08;Workflow;Inbox
COMPLETED;;{60D9BF7B-0100-CFF4-BA07-14BCBC88207D}_-2_1_348E309D4D306747AA4D5B10430E4439;;{60D9BF7B-0000-C995-8FF2-50FA9A24221B};Step;Selection Coordinator;Selection Coordinator;2021-09-07-12.42.16;;{E0BAC726-36D9-4BAB-A0AF-35478A5E9F93};dadmin;;2021-09-07-12.41.41;{60D9BF7B-0100-CFF4-BA07-14BCBC88207D};Selection Coordinator;07/09/2021 12:41:41;07/09/2021 12:42:16;Workflow;PQ_Manager
COMPLETED;;{607D6E75-0100-C07A-BA26-8C3739B59795}_-2_1_59D8237F66DF8D4DB82A746061B842C7;;{607D6E75-0000-C81F-A132-F98D0811C633};Step;Selection Coordinator;Selection Coordinator;2020-10-28-16.53.06;;{E0BAC726-36D9-4BAB-A0AF-35478A5E9F93};dadmin;;2020-10-28-10.15.14;{607D6E75-0100-C07A-BA26-8C3739B59795};Selection Coordinator;28/10/2020 10:15:14;28/10/2020 04:53:06;Workflow;PQ_Manager
COMPLETED;;{10214378-0100-CDF6-B5D0-33828A0653A7}_-2_1_64FAC68821E2CE4A9784D50CF732F838;;{10214378-0000-CC94-BDC9-D11B907CE94F};Step;Selection Coordinator;Selection Coordinator;2021-03-18-03.20.05;;{E0BAC726-36D9-4BAB-A0AF-35478A5E9F93};dadmin;;2021-03-18-03.19.06;{10214378-0100-CDF6-B5D0-33828A0653A7};Selection Coordinator;18/03/2021 03:19:06;18/03/2021 03:20:05;Workflow;PQ_Manager
COMPLETED;;{107C0B7B-0100-CEFB-87C4-8CC520A5B9C2}_-2_2_A402623D907FF64C82753494F3808986;;{107C0B7B-0000-CC91-9115-C62BCA9B39C5};Step;Revision & Dispatching;Revision & Dispatching;2021-09-07-10.47.17;Dispatch;{E0BAC726-36D9-4BAB-A0AF-35478A5E9F93};dadmin;;2021-09-06-15.30.25;{107C0B7B-0100-CEFB-87C4-8CC520A5B9C2};Revision & Dispatching;06/09/2021 03:30:25;07/09/2021 10:47:17;Workflow;Inbox
COMPLETED;;{B0CC4278-0100-CBF8-AAE1-E5E103EB389B}_-2_2_B4BB623D7C8C074D893381FA4D6AC9EB;;{B0CC4278-0000-C090-A19D-D1804434E729};Step;Revision & Dispatching;Revision & Dispatching;2021-03-18-01.48.06;Dispatch;{E0BAC726-36D9-4BAB-A0AF-35478A5E9F93};dadmin;;2021-03-18-01.47.39;{B0CC4278-0100-CBF8-AAE1-E5E103EB389B};Revision & Dispatching;18/03/2021 01:47:39;18/03/2021 01:48:06;Workflow;Inbox
